CustomerID,Recency,Frequency,Monetary
12346,236,2,-104578.8835
12347,25,222,1086.7862
12348,16,43,93.2186
12349,405,69,141.5815
12350,152,33,-10.4467
12352,104,72,269.3138
12353,86,8,77.0479
12354,73,105,5970.7314
12355,55,12,108.4909
12356,96,50,-82.6498
12357,420,126,787.367
12358,388,17,12.7126
12359,147,270,36956.2381
12360,439,123,290.7533
12361,674,10,-9.023
12362,82,281,1086.0605
12363,87,38,120.1123
12364,394,61,30.8162
12367,391,10,-8.3879
12370,15,287,6189.7941
12372,68,61,210.2926
12373,158,25,-65.3347
12374,412,29,-31.515
12375,397,14,32.6017
12377,12,73,765.104
12378,516,215,476.9996
12379,18,57,-159.8709
12380,408,99,1602.1085
12381,391,78,252.5322
12383,10,165,353.2213
12384,415,25,37.9646
12386,24,16,1139.8525
12388,124,119,780.785
12391,408,91,-2472.1646
12393,92,85,381.9752
12394,75,46,42.4892
12395,15,153,627.6022
12397,422,54,104.9433
12399,24,62,467.6327
12401,167,3,7.2787
12402,208,21,112.6495
12403,436,4,170.4859
12405,535,51,82.7193
12406,24,151,896.6844
12407,80,88,-120.0343
12408,22,163,1008.3946
12409,25,106,4308.1088
12410,149,44,-601.6141
12412,17,86,64.8012
12413,126,51,165.3035
12414,74,31,172.1777
12415,18,829,26268.4576
12417,15,164,379.2681
12418,499,33,33.3647
12420,450,25,157.6877
12421,15,54,623.1418
12422,42,44,137.3924
12423,11,136,1073.4438
12425,465,34,10.6471
12426,581,24,72.3911
12427,398,15,434.903
12428,84,294,993.8685
12429,23,125,17612.893
12430,430,10,13.5902
12431,12,1208,18532.271
12432,15,102,5399.4151
12433,11,1491,9492.146
12434,18,70,7331.3888
12435,112,36,7547.9995
12436,486,15,62.4001
12437,47,201,769.5575
12438,401,91,669.2243
12441,24,21,30.5789
12442,390,11,24.2669
12444,12,238,3825.4143
12445,409,3,21.9166
12446,444,56,153.9307
12447,84,22,22.0809
12448,431,19,91.3976
12449,409,130,185.646
12450,35,14,-113.3252
12451,61,436,2025.0284
12452,403,21,57.0859
12453,521,41,30.4445
12454,440,19,3873.4949
12455,514,55,101.4898
12456,97,155,1277.5199
12457,75,80,530.0192
12458,458,38,159.955
12461,541,33,165.4042
12462,150,59,987.4978
12463,27,98,5064.0762
12464,168,22,851.7721
12465,36,72,108.0769
12468,161,24,66.1017
12471,12,3451,51345.6953
12472,20,420,8265.0645
12473,440,131,50.745
12474,18,490,576.8189
12475,440,32,23.3138
12476,19,171,2334.4397
12477,81,376,4095.48
12478,390,29,27.8275
12479,390,30,-15.2753
12480,114,145,597.9406
12481,12,251,6614.8749
12483,40,103,1718.3645
12484,17,317,1417.5841
12488,462,20,392.5276
12489,179,15,1317.2297
12490,30,253,839.0874
12491,425,22,2.8638
12492,450,19,27.5345
12493,18,31,273.7441
12494,16,54,285.7762
12497,468,13,18.8188
12498,408,19,161.6735
12500,25,59,266.1144
12501,178,151,785.74
12502,101,162,525.5451
12504,405,7,-25.5976
12506,94,46,136.1643
12507,140,29,315.7062
12508,413,62,138.3761
12509,671,6,8.2221
12510,171,30,1146.3573
12513,499,34,-7.7467
12514,109,89,-39.2049
12515,11,26,475.451
12516,31,24,-131.5362
12517,415,191,199.5974
12518,415,98,176.5492
12519,450,16,2585.1497
12520,74,231,1074.0401
12521,529,35,70.7571
12522,426,10,-14.2775
12523,112,76,595.3104
12524,54,116,309.1845
12526,440,54,-53.1931
12527,211,15,11.1258
12528,158,105,438.6688
12530,76,72,32.9012
12531,401,17,11.8348
12532,417,14,14.2804
12534,517,61,60.7063
12535,478,32,248.4748
12536,394,256,397.2201
12538,416,19,-7.1445
12539,111,387,3853.2204
12540,19,522,47523.4063
12541,21,20,1.9776
12544,423,17,13.9043
12545,106,76,163.3723
12546,453,42,60.5806
12547,584,6,-1.0126
12548,11,8,2.2244
12550,466,55,153.1828
12551,15,18,135.2376
12553,51,219,-513.0659
12556,437,107,143.7576
12557,140,37,18013.665
12558,388,18,6.644
12559,173,39,96.7334
12560,499,1,-14.8697
12561,172,15,-72.6106
12562,18,161,531.5644
12564,103,20,9.8314
12565,675,9,-0.9126
12566,473,19,-17.2532
12567,21,424,7449.382
12569,27,184,1390.1776
12571,508,12,-30.7278
12572,395,58,109.0222
12573,71,51,366.7044
12574,160,9,115.8889
12576,72,81,-63.2524
12577,17,129,-32.9014
12578,172,175,518.3131
12579,460,29,21.7517
12580,92,46,2451.9878
12582,79,30,-52.0213
12583,18,1136,7781.6156
12584,390,78,563.434
12585,9,165,2172.0823
12586,404,11,46.1345
12587,394,3,0.2711
12589,415,31,159.7278
12590,54,128,1481.0079
12591,164,48,102.689
12592,62,26,6.5766
12593,62,30,-75.3587
12594,75,120,153.386
12596,84,34,3.2158
12597,26,252,725.5274
12598,70,103,162.9792
12599,18,70,1527.5214
12600,15,68,-283.1857
12601,91,31,22.294
12602,445,12,2.7078
12603,408,1,2.2459
12604,107,16,-149.8283
12605,23,4,6.2005
12607,445,63,63.5238
12609,159,70,946.5338
12610,409,33,-382.9861
12611,439,63,111.0854
12612,461,17,68.8034
12613,104,188,2464.3014
12614,664,19,31.8308
12615,15,130,-229.8959
12616,482,33,212.9075
12617,416,38,5.0577
12618,408,8,43.4615
12619,84,85,-453.3257
12620,50,122,529.3644
12621,15,587,3024.2219
12622,86,19,59.86
12623,663,15,4.9476
12624,36,34,-72.1265
12625,52,161,882.2523
12626,167,331,1297.9541
12627,397,182,154.1032
12628,391,40,39.8453
12630,430,33,73.7654
12631,444,30,3172.1455
12633,445,94,167.5385
12635,476,95,71.7511
12637,86,499,2103.1583
12638,420,37,36.3046
12639,80,40,224.3248
12640,410,44,53.443
12642,412,43,-36.3491
12643,46,31,119.3884
12644,516,30,10.9633
12645,69,106,-32.9855
12646,436,23,90.0198
12647,15,114,1288.455
12649,56,46,150.3937
12650,390,19,0.9323
12651,175,9,18.8647
12652,174,86,313.5428
12653,535,42,-34.5179
12654,397,33,57.109
12656,54,142,745.2631
12657,398,45,283.6241
12658,405,32,187.1186
12660,398,13,-5.4936
12662,92,140,124.1535
12664,121,25,1047.7169
12665,168,2,2.0918
12666,17,4,2.7843
12667,445,30,-29.82
12668,13,245,1332.1932
12669,97,160,326.2492
12670,74,93,376.1912
12672,184,17,-176.3663
12673,176,39,-82.3536
12674,21,117,1653.7165
12676,156,44,329.6466
12678,11,138,-367.3527
12679,130,48,132.3933
12680,476,26,-21.3157
12681,12,756,3984.0369
12682,13,1375,10346.7807
12683,23,392,1694.5319
12684,12,140,191.7207
12685,415,149,307.6031
12686,758,6,-113.0218
12688,500,163,1505.3145
12689,412,68,61.2657
12690,48,16,852.9458
12691,15,36,7.7721
12693,52,59,1097.1138
12694,29,49,-294.2106
12695,72,26,155.6772
12697,12,58,430.0045
12700,59,238,230.6585
12701,86,37,43.4049
12703,451,21,-13.0448
12704,12,67,175.2955
12705,15,375,582.5792
12708,23,171,235.27
12709,15,218,781.1227
12710,548,46,91.662
12712,23,171,4789.9897
12714,20,246,1803.646
12716,390,66,41.8294
12717,96,82,-58.5357
12718,458,19,0.9896
12719,446,17,15.3849
12720,15,359,2538.5318
12721,12,209,591.4322
12722,472,24,135.5418
12723,390,69,274.1095
12724,55,57,478.0078
12725,758,24,239.4628
12726,15,128,-339.0664
12727,173,86,111.4817
12728,100,52,16.3613
12729,500,23,-25.825
12731,21,367,3708.2806
12732,30,11,4.1396
12733,99,44,163.928
12734,10,7,58.9789
12735,160,60,-18.2419
12736,246,6,43.6782
12738,759,11,175.6223
12739,465,37,99.9129
12740,450,27,8.4985
12743,521,126,101.4865
12744,92,302,-906.7232
12747,17,98,975.7192
12748,8,4678,25238.9984
12749,54,226,457.9657
12750,515,15,98.6096
12752,468,52,1099.0532
12753,20,261,-4094.4374
12754,108,112,-775.8834
12755,23,6,8.8687
12756,473,4,0.9875
12757,52,392,1077.3858
12758,503,97,65.4133
12759,15,117,681.0238
12762,394,66,-99.3522
12763,525,17,957.6112
12764,162,74,2410.2766
12766,24,350,1483.1283
12769,81,59,255.0664
12770,63,23,-77.2677
12775,107,68,427.913
12778,48,59,-7.8935
12779,89,199,2667.1797
12781,408,26,35.9247
12782,15,129,749.689
12783,389,72,55.1371
12785,22,24,971.3905
12787,478,12,1.0845
12789,452,4,-0.2197
12790,579,21,77.8595
12792,102,47,289.2211
12793,177,23,101.8201
12794,485,20,20.3819
12795,405,12,18.8812
12797,18,31,-58.3002
12798,63,13,-5081.4188
12802,570,1,0.2133
12808,38,27,59.4282
12809,21,46,230.5166
12811,102,28,23.8733
12812,431,13,36.5715
12814,488,1,-18.5803
12815,534,43,82.2567
12816,28,25,190.1989
12818,149,15,-383.636
12820,178,66,40.2078
12821,59,6,26.3622
12822,457,8,2.7119
12823,174,4,3.7729
12824,446,25,1.4963
12826,23,125,372.8185
12827,419,19,55.8453
12828,389,40,-373.2601
12829,18,16,-27.9431
12830,15,35,-4129.8199
12831,108,17,14.3821
12832,419,26,51.1123
12833,532,23,1511.5028
12834,669,17,11.4021
12836,60,256,3929.5597
12837,32,23,2137.6306
12838,10,3210,33462.7552
12839,15,341,1102.4502
12840,30,147,433.5655
12841,23,491,2930.1006
12842,153,45,713.8811
12843,55,131,1192.4562
12844,416,47,291.3131
12845,126,31,-46.6593
12847,409,72,24.4844
12849,113,77,804.3301
12852,681,15,153.6223
12853,96,57,438.0654
12854,87,174,478.8062
12855,759,3,-91.0786
12856,394,252,690.307
12857,58,48,56.8946
12863,439,4,63.8198
12864,525,3,-4.3983
12865,17,94,257.5565
12866,670,23,20.3645
12867,6,682,1862.5432
12868,59,168,1011.5152
12871,54,15,826.5063
12872,23,113,101.8504
12875,20,1,-0.0473
12876,444,81,120.4023
12877,16,128,409.0291
12878,77,96,178.6203
12879,431,10,388.4756
12881,138,14,10817.7756
12882,396,13,387.8618
12883,411,39,233.9366
12884,475,7,541.1662
12885,450,68,136.792
12886,66,119,334.2572
12888,111,11,1053.5208
12890,411,76,379.3034
12891,230,2,0.1861
12893,417,26,42.7093
12895,429,19,16.044
12897,122,8,96.039
12901,23,138,-10603.6091
12902,112,19,145.6007
12904,21,64,657.7838
12906,398,62,-84.2753
12908,171,5,-4.0463
12909,95,62,2404.3451
12910,85,95,696.5465
12912,389,24,214.3982
12913,155,50,134.4243
12915,535,14,218.1249
12916,121,146,1792.8848
12917,515,2,0.3191
12919,23,59,-59.6452
12920,404,27,81.4845
12921,7,2685,26634.3182
12922,548,26,22.404
12923,451,28,48.0592
12924,161,20,491.2956
12925,461,19,24.7591
12928,17,89,369.2805
12929,216,14,116.2436
12930,12,38,362.544
12931,15,67,-1267.8744
12933,12,141,1752.1571
12935,161,145,299.1981
12936,404,62,47.0336
12937,117,74,162.4524
12938,412,9,5.1179
12939,136,61,5778.5053
12940,441,71,253.1625
12942,23,76,553.0485
12944,12,29,49.0082
12945,675,19,116.4321
12947,32,80,609.9224
12948,60,152,928.9135
12949,48,261,1348.8354
12950,389,16,53.3953
12951,52,103,1090.6133
12952,392,77,261.2013
12955,14,196,1677.388
12956,153,34,76.9395
12957,59,255,1131.6145
12962,394,15,273.9796
12963,23,90,527.5584
12965,476,98,103.7497
12966,396,10,-40.382
12967,16,31,8397.698
12968,499,5,8.1728
12970,193,120,49.5892
12971,11,374,2787.0265
12974,584,8,139.9354
12976,55,43,492.5324
12977,543,7,6.3441
12980,9,19,1283.433
12981,520,11,8.2343
12982,83,55,63.9734
12984,405,4,5.3684
12985,388,51,59.0714
12987,584,14,-1.5777
12989,22,70,1177.7971
12990,184,16,149.7461
12991,410,28,439.8304
12993,79,37,52.883
12994,120,77,197.1509
12995,464,4,4.6395
12997,81,91,558.4391
12999,69,55,270.7496
13000,22,58,729.0572
13001,38,443,3204.2289
13002,165,14,79.0979
13003,96,9,24.894
13004,15,531,1076.6494
13005,15,49,468.1371
13006,443,3,6.9561
13008,18,29,-90.8254
13011,759,3,471.8438
13012,59,108,270.0443
13013,58,221,3995.3969
13014,19,126,302.4135
13015,88,138,6840.2357
13016,510,28,19.5657
13018,21,589,3603.4262
13021,16,181,1205.6739
13023,451,35,130.8569
13026,120,33,-10.144
13027,12,35,28.4118
13028,409,46,48.2774
13029,417,10,1792.5198
13030,71,2131,38873.9828
13032,425,71,-36.2496
13033,15,11,91.2897
13034,441,36,48.1483
13035,118,29,359.2912
13037,61,75,2847.1723
13038,63,29,192.0281
13040,395,39,99.9411
13043,115,21,-292.2768
13045,486,17,23.0001
13046,114,47,654.1483
13047,11,1382,4928.8468
13048,84,189,-96.3804
13049,176,19,80.9983
13050,12,465,5693.0405
13052,67,35,227.2759
13055,57,76,651.9734
13058,445,6,5.8209
13059,115,14,481.8761
13060,110,14,66.3727
13061,459,10,62.8123
13062,578,11,-8.0247
13064,171,34,62.0352
13066,411,29,43.476
13067,469,14,309.6622
13068,183,2,129.0124
13069,19,510,1284.8605
13070,579,9,37.9731
13072,126,11,98.5897
13075,516,22,18.0122
13077,24,73,131.6189
13078,17,401,8491.6657
13079,391,6,12.061
13080,22,12,50.8662
13081,59,1230,2145.285
13082,31,110,1910.3714
13083,391,18,34.1747
13085,544,23,71.9488
13089,12,2269,29779.5288
13090,20,181,11482.6605
13091,408,23,1.6865
13092,17,38,330.7729
13093,12,2102,34061.0833
13094,61,31,-893.832
13095,457,6,-7.9819
13097,15,548,3485.9518
13098,17,616,6132.4376
13099,486,1,0.4178
13101,75,16,-15.4721
13102,18,426,381.9526
13104,146,21,-38.9131
13106,515,1,6.0428
13107,38,92,-556.7044
13108,759,10,165.9105
13109,389,26,94.0153
13110,128,168,1511.9117
13113,21,324,1481.0132
13115,24,175,646.8604
13116,504,29,2.2694
13117,23,108,2306.119
13118,56,62,712.5977
13120,124,2,7.2977
13121,113,96,23.2798
13122,88,98,323.6874
13124,17,334,3340.0541
13126,24,130,809.7139
13127,464,13,-0.3515
13130,481,2,-1925.3029
13131,410,28,212.6794
13132,211,3,4.0908
13133,136,11,219.5177
13134,28,135,1005.9457
13135,583,1,3.0583
13136,55,120,-69.2704
13137,94,773,1815.5712
13138,96,58,111.2162
13139,59,203,716.9414
13140,24,42,108.3886
13141,58,128,446.6632
13144,203,5,31.8196
13145,473,5,454854.3099
13146,413,16,2.3647
13147,417,3,4.0522
13148,11,416,2633.7998
13149,401,65,106.9857
13151,682,67,533.5101
13155,167,72,822.4851
13157,95,112,-220.5569
13158,159,91,77.115
13159,395,41,-4.5343
13160,409,4,-5.7732
13161,170,12,61.8441
13162,76,102,455.1554
13165,9,25,159.8022
13166,670,37,1.0645
13167,405,50,220.2591
13168,159,148,429.3825
13169,93,19,2072.6271
13170,413,29,21.4188
13171,145,65,-3.1031
13173,25,59,66.9589
13174,157,303,2807.2519
13177,451,12,79.2801
13178,18,317,1007.4316
13182,432,11,8.5786
13183,53,89,-257.9167
13184,26,248,689.0828
13185,284,2,828.4504
13186,480,64,36.2166
13187,181,69,543.1557
13188,398,2,56.7733
13189,405,11,-1.693
13192,53,61,202.566
13193,448,22,32.0301
13194,522,3,7.0145
13196,112,137,545.2748
13198,19,307,1517.8309
13199,16,133,2954.4373
13200,408,25,98.859
13203,92,27,24.9159
13207,537,5,3.6092
13208,49,198,928.4579
13209,19,378,414.3511
13210,480,21,117.1614
13211,19,46,7.867
13212,448,54,102.5527
13213,26,78,80.1474
13216,114,10,33.2938
13217,509,5,68.3964
13220,102,35,1362.1243
13221,17,115,1224.6721
13223,181,5,9.0114
13224,447,40,13.9501
13225,19,30,121.1512
13226,120,30,82.9395
13227,588,8,17.1784
13228,468,2,137.7957
13229,88,18,37.6915
13230,23,634,5469.157
13232,41,246,1239.0884
13233,196,41,38.6689
13235,63,100,598.884
13236,493,21,65.5619
13238,18,36,4889.8079
13239,107,21,48.0177
13240,18,94,162.2573
13242,84,12,18.8152
13243,590,53,138.7393
13244,479,26,47.9371
13245,437,15,9.8946
13246,38,152,814.5484
13247,404,24,42.9098
13249,214,21,14.9228
13253,197,52,126.1977
13255,9,2459,26468.6581
13258,51,44,222.0899
13259,448,76,125.7391
13260,448,7,305.8526
13261,209,10,-10.7683
13262,113,19,1.5757
13263,8,1991,-2566.4865
13265,25,106,1102.0415
13266,47,243,534.8631
13267,12,276,10549.1655
13268,10,652,-9.8002
13269,19,399,1143.9617
13270,24,2,1.1172
13271,424,75,-22.8421
13272,418,14,45.9542
13273,500,15,-38.7305
13276,450,30,61.8133
13277,402,8,-6.9658
13278,427,43,0.0081
13279,465,7,0.8904
13280,161,106,579.3265
13282,86,41,452.4673
13283,572,2,1.6101
13284,192,24,42.228
13285,72,208,145.2907
13291,542,36,37.3083
13292,425,29,31.6582
13294,100,58,58.0877
13295,17,21,196.6014
13296,524,5,146.6824
13297,394,51,72.9422
13298,388,2,38.4443
13299,123,9,-15.6399
13300,22,40,771.1702
13301,76,58,202.2727
13304,9,42,301.139
13305,150,69,632.3427
13307,507,1,2.6917
13308,409,54,515.8199
13309,60,111,82.4067
13310,50,70,465.5272
13311,391,25,6.5006
13313,56,106,209.7587
13314,388,67,740.3489
13316,115,94,2928.4167
13317,16,76,326.5977
13318,424,12,-61.9188
13319,12,544,3015.2998
13320,57,67,138.4605
13321,459,11,15.4521
13322,404,25,-41.4524
13323,390,18,57.2797
13324,18,76,-2513.3806
13325,468,11,453.1735
13327,23,127,4774.1305
13328,177,33,622.5703
13329,24,19,-247.099
13330,167,50,174.207
13332,401,21,-8.0217
13334,146,365,3884.84
13336,464,50,67.0192
13338,541,20,35.8037
13339,587,53,353.4277
13340,432,123,1286.6095
13341,103,40,-291.6634
13343,25,33,307.9373
13344,454,113,-728.759
13345,674,18,36.3371
13347,457,7,14.9923
13348,451,13,52.4417
13349,397,15,21.1593
13350,403,37,-764.0478
13352,394,1,-0.2504
13354,458,50,137.776
13355,509,31,-59.287
13357,102,159,327.0528
13358,110,55,181.7785
13359,450,21,111.3472
13362,96,197,-2377.6871
13363,404,57,-8.4219
13364,453,13,14.7442
13365,61,156,118.1106
13366,437,1,-0.6925
13368,114,57,614.6045
13369,12,30,282.563
13370,24,42,888.9691
13372,476,20,71.2782
13373,447,151,-448.3231
13375,475,36,32.9806
13376,75,84,133.4802
13379,413,94,51.1724
13381,49,213,776.6357
13384,19,160,240.5013
13385,182,58,247.3202
13388,518,35,128.5026
13389,77,64,1130.4668
13390,461,12,110.312
13391,175,2,-16.6816
13394,61,204,1397.223
13395,572,21,42.4295
13396,196,56,272.9372
13397,43,47,3269.0394
13398,579,24,56.6377
13402,514,36,102.9733
13403,404,3,-8.9683
13404,58,18,-164.3059
13405,61,45,552.125
13408,11,2038,26523.1996
13410,147,22,447.5496
13411,494,16,17.3773
13414,520,23,-55.7952
13416,430,17,26.0988
13417,76,20,-192.1851
13418,12,437,-395.5382
13419,450,16,122.3156
13420,27,14,22.9887
13421,427,96,284.477
13422,438,123,1764.7436
13425,15,99,-641.5396
13426,17,196,2232.0383
13427,59,31,173.9393
13429,397,53,-66.496
13430,459,31,173.9545
13431,454,46,99.432
13434,461,5,6.8352
13435,411,57,765.0652
13436,388,11,-4.0678
13437,11,160,862.0566
13439,96,104,611.5128
13441,478,13,12.1848
13447,410,61,603.477
13448,22,151,695.283
13449,410,19,-0.0552
13450,53,80,387.8639
13451,58,493,1636.8635
13452,176,3,81406.8023
13453,15,24,238.1943
13455,24,59,1511.5863
13456,16,84,315.8109
13458,17,506,742.8192
13460,416,17,12.2324
13461,9,38,198.4729
13462,98,18,168.6481
13464,445,40,136.6568
13466,46,29,130.0343
13467,397,89,476.4477
13468,16,379,1664.1249
13470,486,3,-6.7146
13471,392,221,119.0121
13473,186,30,515.9935
13474,77,116,248.3029
13475,60,130,258.8004
13476,28,58,279.0275
13477,18,93,160.8476
13479,93,15,30.0707
13481,102,121,296.0472
13482,90,21,66.5347
13483,452,10,7.1982
13484,106,16,18.0182
13485,79,41,0.6172
13486,465,67,126.1686
13487,11,56,462.2505
13488,25,514,-2145.7303
13489,492,14,-27.328
13491,17,128,73.682
13492,58,61,-1.9116
13493,118,9,-277.7976
13494,157,33,85.5783
13495,17,51,129.1264
13496,17,56,0.8399
13497,669,18,466.3006
13499,67,42,127.741
13500,410,60,99.3165
13501,675,49,150.6463
13502,127,25,-17.7354
13503,458,16,-6.3146
13504,451,20,15.9238
13505,11,281,1152.7708
13506,166,35,-84.1673
13507,390,157,382.3615
13508,84,10,68.086
13509,99,57,-17.876
13510,26,109,469.4545
13512,106,14,-17.539
13514,460,4,7.9865
13515,94,68,60.9334
13516,88,51,64.0201
13517,20,69,787.6013
13518,472,35,61.7045
13519,465,8,27.7824
13520,108,101,-72.4857
13522,417,4,4.5031
13523,24,189,5138.1107
13524,66,37,294.1999
13525,157,7,16.4441
13527,269,203,297.473
13529,60,20,1019.7456
13531,24,41,1435.3941
13532,420,63,60.0931
13533,27,108,6.3967
13534,16,333,1650.5227
13536,396,90,81.1346
13538,66,30,50.0754
13539,91,55,141.1126
13544,82,80,827.2163
13546,399,63,35.6484
13548,87,58,397.0008
13549,85,54,121.5969
13551,200,8,1357.2088
13552,25,116,7022.1839
13555,588,48,54.488
13557,415,33,21.6142
13558,392,165,454.0837
13560,394,32,-105.0371
13561,81,28,490.2393
13562,118,81,414.0724
13563,471,48,1792.036
13564,12,72,-194.7422
13565,207,13,-63.6538
13566,427,158,346.1439
13568,21,79,144.4779
13569,25,76,120.6942
13570,86,27,114.8075
13571,50,359,2428.8768
13572,53,61,2006.8176
13573,94,25,41.4403
13575,32,50,-159.725
13576,57,2012,37214.2593
13577,87,102,737.7329
13579,401,20,39.3348
13581,160,20,146.3067
13583,542,50,69.0295
13584,149,44,14851.2012
13587,450,8,977.2086
13588,111,176,-9.7689
13589,49,19,128.1422
13590,81,93,108.7263
13591,61,87,842.3111
13592,77,23,-0.3361
13593,106,108,543.2504
13596,399,116,245.2677
13598,434,32,39.8966
13599,18,278,3341.5933
13600,159,35,-34.3337
13601,53,135,1199.1956
13602,451,23,35.0038
13603,413,26,-32.4774
13606,95,39,-28.0766
13610,85,178,238.4804
13611,12,97,-34.0393
13614,6,174,1272.3286
13615,161,44,335.1294
13617,35,38,-53.7118
13618,39,24,97.854
13621,503,18,-12.0241
13623,59,118,186.871
13626,137,18,27.0576
13627,15,147,3778.2769
13629,83,76,2775.7506
13630,28,76,649.5138
13631,49,14,-1282.2982
13632,14,166,927.3262
13634,87,216,524.741
13635,454,57,31.1077
13636,100,73,405.9037
13637,67,125,289.8708
13638,402,8,-3.3228
13639,461,39,41.79
13642,56,109,481.8117
13643,418,26,28.2293
13644,395,111,108
13645,507,5,-50.8752
13647,22,82,516.7189
13649,24,40,172.8847
13650,53,98,549.0868
13652,111,53,205.509
13654,85,206,756.887
13655,84,35,269.5236
13656,22,95,-909.1627
13657,588,9,6.6861
13658,55,102,2516.3241
13659,53,187,9994.1019
13662,58,85,89.8038
13663,26,25,1352.6938
13666,674,8,7.6059
13667,536,77,111.6135
13668,18,549,14686.619
13669,437,8,3.2433
13670,462,25,-9.8584
13672,165,18,76.1333
13673,405,54,7225.4742
13675,538,24,-70.6379
13680,180,145,932.2413
13681,404,52,87.9121
13684,672,28,226.3288
13685,389,31,53.6391
13686,69,16,33.2509
13689,450,6,28.6198
13690,446,9,88.0826
13692,79,57,185.4152
13693,712,3,-61.1013
13694,13,2111,27664.7947
13695,53,97,284.7287
13697,425,12,-8.9383
13699,542,12,35.9135
13700,34,261,250.9315
13703,250,2,600.1777
13704,409,113,103.766
13705,74,446,5363.9329
13706,144,19,5.6536
13707,125,61,918.9045
13708,116,48,168.6887
13709,10,365,2551.8336
13710,418,8,-13.5437
13711,67,24,-14.9106
13712,125,20,13.4837
13715,11,1507,8293.9502
13716,112,40,68.0753
13717,15,129,-39.136
13718,139,13,65.2129
13719,53,77,951.0673
13720,97,70,2903.5479
13721,423,27,-9.2887
13722,518,83,182.9905
13723,66,10,-152.0445
13725,14,170,3332.8551
13726,425,41,30.5239
13727,415,18,-0.937
13728,97,61,367.7556
13730,522,39,16.3203
13731,67,69,433.9532
13732,415,31,39.3744
13735,22,260,2012.0056
13736,104,147,210.6433
13737,587,26,12.7993
13739,405,3,6.3633
13740,97,46,35.4232
13741,41,48,1099.4998
13742,24,445,2974.884
13743,99,49,2.9272
13744,482,18,-11.9845
13745,538,26,-44.877
13748,9,1937,12793.4246
13750,37,29,327.375
13751,675,9,77.1172
13752,82,93,395.7211
13753,674,35,69.0642
13754,158,17,-46.6495
13755,390,294,177.1168
13756,16,153,43.3885
13758,9,2823,20192.097
13759,420,24,111.3982
13760,105,79,672.6985
13761,22,67,-35.4729
13762,65,18,-106.8847
13763,450,15,299.0204
13764,192,193,1405.1956
13767,11,2984,23724.1577
13769,18,178,934.5877
13771,95,143,-109.089
13772,83,127,182.9407
13774,468,22,18.1846
13777,9,217,3618.6004
13778,490,9,1.7942
13780,51,65,1802.6813
13781,97,31,106.3069
13782,84,121,4390.0821
13784,90,39,-5.356
13786,25,12,488.4592
13787,22,31,-248.5234
13790,391,45,-41.2896
13791,10,24,122.4655
13792,674,4,8.6738
13798,22,547,23137.0855
13799,503,23,14.4427
13800,159,65,203.461
13802,18,107,2320.5974
13803,106,34,52.3282
13804,417,118,493.9276
13805,439,13,-32.7834
13806,450,8,-2.4301
13807,25,14,37.8992
13808,452,25,1.6114
13809,194,18,95.7969
13810,415,32,197.7845
13811,59,21,2560.6975
13812,429,32,295.8596
13813,457,31,87.3612
13814,479,55,211.0852
13815,20,219,5629.9829
13816,410,30,49.511
13817,9,32,66.569
13819,169,63,-16.7901
13821,105,45,207.872
13823,405,36,120.2171
13824,91,67,34.0652
13826,112,17,46.889
13827,444,61,66.5296
13828,409,15,184.3439
13831,132,62,3885.1632
13832,404,1,0.3509
13833,546,25,35.2066
13835,74,72,436.7911
13837,73,35,219.6662
13838,392,151,353.4902
13841,114,2,-0.0782
13842,24,262,1793.1402
13844,398,19,-21.2168
13845,451,8,102.4295
13846,18,80,690.9805
13848,24,9,1.5769
13849,14,134,2032.7267
13850,516,89,95.0094
13851,515,64,238.1127
13853,444,22,887.0604
13854,9,145,9182.2467
13856,71,21,153.1829
13858,444,10,-21.4965
13859,172,23,128.7509
13860,388,74,163.4666
13862,101,112,298.6851
13863,96,38,105.3506
13865,445,16,30.8202
13866,461,7,80.6892
13867,62,66,57.2971
13868,394,31,65.839
13869,15,378,2163.8869
13870,14,91,253.1186
13871,48,316,732.2909
13873,72,34,255.0477
13874,16,31,494.4267
13875,32,152,750.7872
13876,450,7,13.5562
13877,473,3,-9.9284
13878,441,33,123.7887
13880,25,139,201.5731
13881,16,193,2457.7878
13882,389,63,802.0524
13883,60,185,766.9489
13884,394,53,50.8184
13885,587,21,32.913
13886,458,14,23.7053
13887,56,38,-45.0912
13888,78,53,507.0618
13889,479,14,-33.2156
13890,16,97,545.0046
13892,203,28,29.6431
13893,684,20,80.6692
13894,203,37,-16.4496
13895,18,60,447.4426
13897,437,17,23.2509
13898,167,10,113.1398
13899,127,31,251.2745
13900,102,57,247.085
13901,98,173,458.9962
13904,424,25,-10.5035
13908,55,121,71.1742
13911,77,229,757.1331
13914,398,33,31.8387
13917,436,18,73.1874
13918,105,30,71.5299
13919,440,29,25.5373
13922,9,13,-93.7818
13924,388,122,498.3365
13925,479,41,100.5987
13926,410,10,48.0665
13927,461,21,123.9703
13928,397,19,574.4747
13929,43,16,221.4316
13930,444,15,-35.2714
13932,681,15,32.6856
13933,496,22,22.8066
13934,117,61,605.1994
13936,22,24,150.3503
13937,23,16,86.6236
13939,160,55,129.6083
13940,404,32,-2926.9209
13941,17,46,-2223.5871
13946,163,14,33.1401
13947,452,5,4.0258
13948,18,6,12.5696
13949,389,119,78.8395
13950,91,24,1146.8321
13951,21,50,124.5519
13952,60,256,4038.4195
13953,10,23,-7.7786
13954,388,25,180.5152
13955,164,20,26.4005
13956,86,114,209.2443
13958,759,5,1.4075
13959,20,65,652.0914
13960,408,12,21.7595
13962,112,18,108.1696
13963,25,59,568.0785
13967,532,2,-14.9556
13969,11,802,2460.4436
13971,22,142,460.1835
13972,457,13,-4.1457
13973,674,11,9.1614
13974,436,27,1.1937
13975,76,321,391.156
13976,65,10,557.5304
13978,401,13,-10.6838
13982,5,150,-248.8628
13983,24,137,746.8746
13984,24,17,-10.0007
13985,31,392,1394.3204
13986,404,12,46.3826
13988,108,141,2329.2094
13989,113,43,553.298
13990,62,27,191.5314
13991,399,68,0.8361
13992,417,4,-9.3357
13993,51,150,3122.5878
13994,390,103,151.8702
13995,103,91,-15.5331
13999,19,188,1084.1088
14000,66,31,93.4156
14001,89,590,8547.2253
14002,521,46,51.6741
14004,23,162,723.2018
14005,23,97,87.3887
14006,99,47,-30.1076
14009,48,66,327.2261
14012,664,11,1.825
14013,144,42,95.1342
14014,464,39,-62.8062
14016,15,184,4457.1425
14019,433,60,-10.676
14020,403,19,15.4191
14021,65,37,504.5734
14022,70,27,-96.774
14023,96,45,-54.1808
14024,508,3,2.7941
14027,447,5,2.3617
14029,450,9,18.9584
14030,24,293,174190.5331
14031,11,293,10087.0083
14032,9,191,2559.0916
14034,409,82,304.2191
14035,136,73,234.2123
14036,671,36,-559.9819
14037,22,51,784.2139
14038,53,114,264.0296
14039,420,6,-37.7735
14040,27,287,2304.0435
14041,116,41,130.5798
14044,150,252,475.9447
14045,11,852,15349.429
14046,671,14,32.7226
14047,23,30,4072.7729
14048,150,161,1415.419
14049,159,577,2592.3148
14050,418,14,41.7697
14051,12,242,5814.1756
14053,546,2,-1.9144
14054,452,6,22.5004
14056,30,1095,5141.6465
14057,18,230,-2208.946
14059,108,16,-40.9653
14060,17,250,-1723.1656
14062,12,165,1217.9605
14064,67,88,427.3642
14066,115,13,117.4373
14067,450,26,32.2009
14068,162,42,1081.6765
14071,106,275,2054.7001
14073,419,13,-11.1196
14075,103,17,-8.8624
14076,516,43,21.6007
14077,29,61,647.467
14078,18,1319,38309.6804
14080,419,4,-2.9059
14081,145,212,1900.2071
14082,22,53,71.5909
14083,12,195,363.0476
14085,9,654,6069.2838
14087,389,59,30.673
14088,43,459,28185.74
14089,443,11,12.1212
14090,266,1,-0.0481
14092,9,1364,26406.9029
14093,399,91,779.1606
14096,391,3221,19682.0342
14098,423,21,941.8532
14099,12,316,686.6007
14100,524,23,37.0751
14101,134,22,-1172.2542
14102,398,51,-435.1615
14104,6,37,106.3777
14105,80,128,652.4761
14107,12,162,1004.1818
14108,417,31,105.3701
14109,410,3,5.425
14110,37,207,723.1551
14111,164,7,45.6231
14112,46,186,162.3495
14113,12,33,-237.2354
14114,139,28,457.1237
14116,418,62,170.2959
14121,390,40,19.9846
14124,471,4,-0.7785
14125,415,134,185.912
14126,394,2,1.3695
14127,147,63,307.2581
14128,98,66,215.2318
14129,126,31,206.8599
14130,167,127,2166.4491
14132,27,161,80.1599
14133,159,26,684.3081
14135,11,167,793.326
14138,388,43,421.0841
14140,390,63,-220.7971
14141,389,36,26.6376
14142,11,979,27940.6437
14143,520,7,336.7122
14145,72,13,108.6406
14146,15,239,1400.1859
14147,436,6,67.7861
14148,248,5,56.041
14149,65,34,349.6833
14150,17,38,257.2659
14152,80,76,71.9055
14154,80,95,28952.9019
14155,116,12,-799.051
14156,6,1380,47884.6104
14157,672,36,150.6449
14158,427,41,61.7066
14159,14,951,1793.2385
14161,60,146,1354.7589
14162,39,22,79.1785
14163,92,32,135.4604
14164,457,1,0.0465
14165,131,46,432.8637
14167,14,71,434.6025
14171,485,55,77.6936
14173,68,40,13.4857
14174,420,26,24.1262
14175,16,113,6626.6146
14176,25,33,44.4616
14177,21,22,372.9633
14178,23,206,499.3671
14179,427,144,176.3219
14180,13,721,26732.8518
14185,293,4,29248.9957
14188,56,76,274.5919
14189,97,303,561.6212
14191,70,216,-283.076
14193,111,61,161.2069
14194,27,554,1545.5727
14195,144,13,159.4719
14196,493,6,42.4613
14198,107,50,269.1848
14199,219,2,-6.3727
14201,17,40,52.7451
14204,389,32,13.2591
14205,23,57,361.9469
14206,82,40,-34.7576
14208,481,10,-7.2424
14209,55,108,1509.8173
14210,70,131,3273.1963
14211,52,80,662.029
14212,476,9,4.9569
14213,758,1,7.3005
14214,13,82,1113.9877
14215,173,121,1443.3321
14216,390,55,254.9518
14217,24,125,1928.5746
14218,429,12,24.6116
14219,391,7,-3.3207
14220,16,42,622.997
14221,53,169,-526.5317
14222,18,81,-10.5333
14223,160,68,306.5101
14224,58,173,87627.1651
14226,73,89,700.246
14227,85,189,1642.6658
14229,179,49,-29.3297
14231,52,76,14.9619
14232,115,128,342.8696
14233,107,53,145.912
14234,409,132,44.8011
14235,72,125,388.6512
14236,11,1833,28274.8352
14237,11,3670,51704.6272
14238,167,12,89.0559
14239,47,100,292.3476
14240,78,50,155.619
14241,27,20,123.4867
14242,104,14,122.5
14243,15,182,1821.2859
14245,70,204,18.5322
14246,91,89,682.055
14247,665,19,816.7052
14248,161,15,847.4416
14250,394,107,211.4589
14251,388,67,119.3282
14256,22,103,797.3063
14257,164,142,166.6576
14258,95,136,2286.9048
14259,528,5,5.7431
14261,437,51,157.4898
14262,94,126,206.5105
14264,116,16,185.6682
14265,496,29,203.5209
14267,105,60,820.6435
14270,173,51,372.5219
14271,69,19,66.6086
14272,122,38,97.881
14273,62,36,43.3023
14276,27,62,765.8354
14277,58,163,3107.4087
14280,583,5,4.2512
14282,24,173,316.4307
14284,417,29,137.2744
14285,101,27,732.4982
14286,83,226,-231.6149
14287,395,9,7.4981
14288,54,30,301.6562
14289,32,49,-7.1888
14290,19,96,751.6892
14291,18,297,1853.1227
14292,50,108,102.3898
14293,188,67,780.5781
14295,719,2,5.5817
14297,116,72,-155.926
14298,12,2093,2106.6754
14299,12,166,400.017
14300,405,3,-2.1719
14301,504,13,-42.6958
14304,74,22,31.7417
14305,458,42,57.8611
14306,438,31,197.2036
14307,22,661,2287.4737
14309,16,151,950.8334
14311,85,21,67.6608
14312,128,102,775.5905
14314,493,8,8.5642
14315,114,114,643.8092
14317,451,23,1.2321
14320,53,55,244.0372
14321,19,147,49.9783
14323,93,36,-23.614
14326,98,14,75.2208
14327,18,11,392.3727
14329,5,391,723.646
14332,409,12,-11.3885
14333,454,15,57.1469
14334,16,255,1461.3353
14335,403,18,17.2186
14336,69,127,475.4055
14338,548,28,36.9885
14339,101,13,-2.6842
14340,60,11,147.7045
14341,57,163,181.1512
14342,86,25,-76.7854
14344,16,92,317.7136
14345,425,5,6.6152
14346,507,55,1.3963
14348,109,34,43.9285
14350,116,36,80.1023
14351,72,2,-0.5956
14352,82,48,230.0985
14353,70,11,49.7517
14354,392,9,8.1923
14355,23,22,462.8614
14356,447,22,-10.1111
14357,430,39,49.0657
14359,429,17,39.1957
14360,418,114,76.4427
14362,409,34,13.569
14364,16,73,919.7245
14367,30,678,4099.7743
14368,174,13,71.5364
14371,682,3,-5.0421
14373,16,7,1356.4866
14375,572,56,75.2452
14377,118,14,1513.5449
14379,431,42,40.6622
14381,439,55,110.1067
14382,413,119,-16.5071
14383,14,66,294.5356
14385,396,13,-32.118
14386,683,6,6.1512
14387,419,127,246.776
14388,24,108,130.1561
14389,395,55,-50.5199
14390,84,312,1118.4905
14393,61,10,-222.7493
14395,22,337,182.4828
14396,452,70,57.7677
14397,22,79,-75.5909
14400,528,26,12.6763
14401,16,184,1687.6356
14403,69,34,346.6416
14404,10,1476,8218.9892
14406,506,5,22.5653
14407,61,87,1216.7068
14408,30,101,-3924.7437
14409,165,61,102.295
14410,65,307,1316.0764
14411,154,28,3564.9455
14412,429,14,28.6242
14413,20,19,23.0624
14414,16,94,375.7874
14415,18,565,3920.3705
14416,409,14,-210.4059
14418,390,119,220.1189
14419,22,213,406.3618
14420,486,28,19.1201
14421,83,40,107.596
14422,14,193,520.8037
14423,65,6,256.0446
14424,404,1,1.2874
14426,17,369,889.9904
14427,437,17,0.0705
14428,124,131,676.3164
14431,150,16,-199.3822
14432,413,344,449.0673
14434,408,10,154.2599
14436,485,9,6.2023
14437,23,10,66.7074
14438,149,18,63.7273
14439,160,57,1820.763
14440,23,77,328.1651
14441,125,54,703.7175
14442,50,117,1791.0238
14443,151,106,2043.043
14446,89,191,654.6173
14447,405,51,67.8966
14448,22,38,66.6123
14449,90,286,800.6492
14450,48,50,1523.9399
14451,581,51,-5.7347
14452,397,57,94.3873
14453,577,21,27.9429
14456,409,600,613.4746
14457,184,8,-147.4608
14459,542,35,431.2367
14460,18,26,113.6232
14461,21,258,1923.0425
14462,66,315,1964.5777
14463,86,8,-102.3549
14465,87,225,-162.1687
14466,157,54,-261.3771
14467,168,46,145.5805
14470,398,43,83.4459
14472,13,266,403.2599
14473,461,6,7.1489
14474,430,1,5.2635
14475,178,55,362.2054
14476,99,29,132.1845
14477,48,10,210.3566
14479,23,26,347.2035
14480,398,13,30.0621
14481,14,47,4009.2629
14482,84,139,338.8493
14483,536,1,1.1798
14484,437,14,-21.1024
14485,425,42,57.5751
14487,413,132,423.541
14488,438,47,-156.174
14489,52,58,35.8591
14491,16,30,686.4963
14493,394,116,252.981
14494,412,7,-6.0978
14495,437,6,0.9232
14496,14,1983,21132.842
14497,156,55,88.8716
14498,19,185,1625.744
14499,413,178,51.7282
14500,499,1,0.9641
14501,38,21,-45.1995
14502,81,457,968.6965
14503,19,153,526.1333
14504,87,119,317.0235
14505,20,966,3647.6293
14506,404,156,595.539
14507,63,138,281.2212
14508,409,52,88.8592
14511,398,50,-132.6444
14512,95,27,9.9779
14513,156,16,67.4614
14514,175,87,216.1086
14515,70,79,312.678
14517,420,17,185.0876
14518,451,16,-6.8511
14520,388,4,107.6355
14522,458,16,107.271
14523,495,11,52.5571
14524,18,236,1934.8561
14525,19,227,2359.5378
14527,9,2629,19722.2376
14528,424,18,13.6044
14529,464,119,416.4498
14530,107,226,927.488
14532,10,91,220.6173
14533,10,61,-339.0516
14534,10,596,1627.1091
14535,94,265,341.1737
14536,111,32,603.1396
14537,444,8,5.2523
14538,215,22,82.4585
14539,402,31,24.858
14540,178,59,260.248
14541,44,127,385.3825
14542,572,5,3.0818
14543,22,86,1820.721
14544,19,97,-1459.2317
14546,89,416,1137.4877
14547,390,299,662.6407
14548,196,6,168.0417
14549,152,105,-253.1903
14550,431,26,31.3819
14551,97,16,-33.3121
14552,538,55,129.9049
14553,59,114,1381.957
14554,404,160,640.0405
14555,149,31,67.8374
14557,451,22,103.6437
14560,15,97,12268.3773
14561,37,64,1632.17
14562,29,385,464.1949
14565,19,174,1125.1284
14566,497,4,224.2882
14567,443,29,132.4455
14572,96,332,1882.9685
14573,27,250,3308.1556
14576,759,1,0.5771
14577,4,164,914.6068
14578,390,23,18.0601
14581,403,16,-1.9102
14582,427,6,-9.3636
14583,7,280,1244.6432
14584,25,124,710.215
14585,437,29,9.4581
14586,614,23,2.6563
14587,25,640,37722.0634
14589,9,485,7578.605
14591,61,64,903.0609
14592,443,116,316.7703
14593,408,141,1658.5768
14594,394,19,26.8713
14595,161,94,272.3451
14597,398,44,10.3954
14598,431,48,38.7697
14600,157,46,1272.99
14601,397,7,7.9727
14603,211,4,1.8164
14606,6,4135,28558.1589
14607,115,99,-2069.5163
14608,20,19,14.8738
14609,27,4,-237.1131
14616,195,4,1402.2101
14618,200,20,266.1861
14619,96,36,143.2211
14620,51,38,305.624
14621,16,74,37.7374
14622,27,40,310.9712
14623,76,124,250.7269
14624,444,12,23.4966
14625,19,83,7.3494
14626,77,145,200.2179
14627,698,1,35.6261
14628,119,34,196.8311
14629,391,141,164.7575
14631,76,52,-230.0067
14632,125,16,11.4172
14633,119,32,183.6488
14636,142,41,-63.2611
14638,437,15,30.8056
14639,16,175,2136.7989
14640,19,124,934.7626
14641,408,6,7.6316
14642,445,2,-0.5824
14643,16,55,958.8646
14644,170,32,133.3704
14645,156,35,248.6849
14646,9,2471,25378.206
14647,588,24,76.0314
14649,61,208,702.7619
14651,53,156,843.9024
14652,464,27,118.0065
14653,182,169,-263.51
14655,79,49,401.158
14656,10,119,174.2204
14657,169,100,168.8842
14658,504,13,132.741
14659,88,251,521.7542
14660,473,27,23.2963
14661,413,4,8.1331
14662,90,206,7031.9442
14664,420,63,100.6578
14665,152,129,100.2033
14667,17,665,-2388.6886
14669,83,277,606.3028
14670,667,118,110.879
14672,86,57,31.0321
14673,25,83,-218.3883
14675,403,89,64.5634
14676,78,49,473.6373
14679,9,145,727.6979
14680,18,337,6191.0573
14681,110,11,37.4219
14682,588,1,-0.035
14684,20,491,418.5875
14688,8,1607,9470.192
14689,54,25,-148.7842
14690,431,46,35.0851
14691,54,57,2868.1208
14692,78,100,395.6474
14693,175,14,68.0951
14696,85,107,-413.3472
14697,61,40,248.1641
14698,388,185,279.6491
14699,68,7,4.1307
14700,80,111,682.9614
14701,16,326,6312.3275
14702,23,313,1660.3659
14703,401,20,99.094
14704,21,292,11420.0672
14705,585,1,43.166
14708,389,26,117.8494
14709,16,226,974.5924
14710,401,78,56.7845
14711,67,381,22702.1377
14712,416,22,133.5878
14713,16,435,813.1171
14715,199,64,516.7457
14716,430,46,-71.1185
14719,22,215,1029.6159
14720,476,12,114.3097
14722,534,26,26.1745
14723,16,212,684.5516
14727,123,17,831.3324
14730,19,466,3236.0957
14731,58,73,486.6265
14732,61,118,520.1475
14733,12,276,6692.4301
14735,16,254,5022.0087
14737,11,22,-899.2387
14738,63,74,124.5998
14739,25,61,-450.0861
14740,66,110,322.205
14741,14,61,331.954
14744,24,34,44.0616
14745,499,67,3.6508
14747,111,33,370.186
14748,70,108,-516.1864
14752,430,4,-34.0266
14754,431,41,289.9502
14755,21,232,330.0465
14756,402,36,318.9837
14757,462,17,103.7817
14758,60,92,-1793.0637
14759,78,125,1028.8572
14760,684,5,3.5835
14761,212,9,23.3264
14762,120,38,413.7732
14764,430,7,-6.7951
14765,22,44,7.587
14766,10,2223,23284.0823
14768,404,5,69.9438
14769,11,1272,3281.6715
14770,75,96,738.7004
14772,499,8,4.6846
14775,4,1691,11443.1486
14776,17,181,554.51
14778,159,50,123.9026
14779,164,65,4539.3717
14780,441,26,35.84
14782,181,12,233.3282
14784,227,18,-159.0448
14788,394,29,52.862
14789,415,6,-1.7862
14790,124,46,-11.3717
14792,450,4,0.5991
14793,391,13,24.1089
14794,112,60,60.5168
14795,48,10,183.035
14796,15,1203,2649.6983
14798,168,16,8.369
14799,438,12,-19.7703
14800,20,400,2253.0709
14801,448,54,35.0928
14803,136,9,25.6569
14804,395,12,116.2421
14805,174,22,654.554
14806,462,11,6.5641
14808,8,181,-1264.1309
14810,95,299,777.3983
14813,756,23,1146.1459
14815,423,52,0.9875
14816,584,4,-315.4845
14817,587,59,116.3727
14818,27,36,20.8823
14819,451,12,21.1846
14820,85,28,50.517
14821,24,4,153.888
14823,26,67,195.145
14824,420,16,15.4949
14825,16,140,1448.3654
14828,100,20,91.4412
14829,18,58,780.3891
14834,83,76,323.5688
14836,415,5,12.6023
14837,11,142,86.4714
14840,151,8,26.414
14841,16,167,1610.3
14842,193,127,47822.5341
14844,28,186,1588.4933
14847,535,13,18.1019
14849,12,3171,43431.0131
14850,155,41,9.7379
14851,100,42,-4.806
14852,25,169,813.5807
14853,73,10,57.5442
14854,10,212,1621.9293
14855,506,20,34.7837
14856,423,62,812.4495
14857,535,28,62.1331
14859,46,34,52.3766
14861,439,5,-6.6861
14862,412,44,25.2472
14863,416,11,128.7828
14865,394,4,1.6001
14866,24,97,913.2755
14867,61,51,587.9379
14868,89,164,-465.1442
14869,390,68,79.168
14870,106,13,853.644
14871,18,140,313.355
14873,69,51,-61.8006
14875,114,53,309.2608
14878,16,131,754.7092
14880,464,42,70.4668
14882,413,4,-2.7706
14883,52,55,206.4134
14885,518,15,-116.0566
14886,120,18,380.4585
14887,466,6,169.0412
14888,49,40,-353.531
14889,187,10,2435.9118
14890,112,7,71.0429
14891,535,5,5.1357
14893,396,69,49.1596
14894,472,22,20.4534
14895,30,472,4915.9982
14896,23,81,-15.0256
14897,394,24,-19.3884
14898,17,110,1861.9058
14901,18,100,1156.5862
14902,408,20,28.7061
14903,89,308,639.0565
14904,389,69,-153.5591
14905,123,26,254.9919
14907,18,179,2085.9212
14908,461,8,8.1876
14910,389,34,23.3283
14911,9,5986,118256.8663
14912,95,40,-47.8112
14913,17,140,69.6835
14915,472,13,54.7361
14916,174,77,121.3822
14920,58,106,2537.7857
14921,417,78,217.8261
14923,437,42,1.5699
14924,87,15,1475.3353
14929,419,11,84.9953
14930,122,182,1255.109
14931,90,40,352.7477
14932,23,29,1631.0919
14934,459,84,273.4797
14935,684,10,1398.9954
14936,18,349,3509.1578
14937,443,34,389.8729
14944,84,163,512.1356
14946,401,3,47.6679
14947,459,12,-3.0968
14948,61,73,166.9244
14951,466,17,26.4066
14952,22,145,1088.204
14953,412,51,113.7533
14954,399,74,91.9487
14957,113,12,-1.7921
14958,101,53,292.7681
14959,58,74,-162.7664
14960,50,24,37.8536
14961,18,356,4383.5208
14962,152,5,39.2732
14963,29,215,69.3967
14964,107,26,104.1925
14966,401,35,13.4289
14967,436,6,21.3501
14968,417,36,96.4606
14970,110,44,438.9473
14971,430,93,158.9486
14972,515,15,36.0456
14973,70,37,6389.4301
14974,424,17,27.4595
14975,444,11,47.2304
14976,117,97,482.0812
14978,82,300,1486.0718
14981,103,16,30.2787
14984,30,16,210.0268
14985,16,117,101.518
14987,23,6,540.8249
14988,53,78,688.2471
14995,425,56,120.2332
14997,47,16,29.3108
14998,34,137,19755.3324
15000,434,72,91.9088
15002,25,159,-2522.2764
15004,534,148,266.2175
15005,17,1144,3080.9973
15006,438,120,265.224
15007,546,12,-10.1627
15009,399,110,180.2718
15012,15,1616,20933.1616
15014,26,30,-467.5546
15016,15,19,1182.2946
15018,25,29,2.1506
15019,107,127,346.5113
15021,21,554,1934.5807
15022,398,106,256.5339
15023,12,682,4343.3743
15024,25,185,289.0935
15025,420,65,122.9436
15026,90,31,962.288
15027,10,60,425.4103
15028,395,46,293.4085
15030,217,10,23.6915
15031,391,49,145.0353
15032,24,92,3987.4484
15033,50,509,4460.386
15034,11,523,61882.8036
15035,476,26,-7.9077
15036,26,154,397.9391
15038,58,105,442.147
15039,18,1750,6776.9821
15041,11,130,880.7886
15043,418,2,7.223
15044,10,427,5825.8094
15045,229,12,197.672
15046,40,225,1651.0972
15047,116,21,3393.5676
15048,63,126,2195.8105
15049,170,5,66.3295
15050,412,67,124.2683
15051,410,133,735.9592
15052,162,52,225.1127
15053,391,48,11.1327
15054,399,111,328.1851
15057,160,27,-326.8034
15058,31,316,1800.6586
15059,27,301,1480.9758
15060,395,104,44.2318
15061,17,639,16149.7868
15062,17,87,504.3232
15063,57,8,-70.6702
15065,8,179,3157.512
15067,465,45,-17.3987
15068,97,72,116.9602
15069,20,69,2509.8489
15070,17,769,7067.6749
15071,123,36,-170.3627
15073,572,22,124.3215
15074,492,41,107.1387
15075,464,26,117.6152
15076,14,91,1018.4084
15078,12,466,5953.8315
15079,23,66,610.8849
15081,25,44,110.8335
15083,201,7,9.5514
15088,408,55,-28.9227
15089,409,126,300.7749
15090,149,43,259.8389
15091,440,31,-1.5129
15092,91,29,132.2263
15093,18,121,82.2953
15095,490,39,-51.2613
15096,429,11,-7.7129
15097,391,25,15.8226
15098,85,3,552349.0611
15099,471,23,29.3256
15100,12,1287,49681.3227
15101,17,12,230.4941
15103,418,35,-45.9063
15104,583,38,45.6347
15105,405,79,39709.9841
15106,55,141,47.2473
15107,18,18,23.7656
15108,79,45,196.6296
15109,87,49,161.7213
15110,172,27,176.4703
15111,416,31,406.9391
15113,412,68,1208.2632
15114,27,258,700.4241
15115,405,20,117.9922
15116,49,49,363.866
15117,62,81,78.5634
15118,521,1,-0.0735
15119,114,24,101.5815
15120,516,20,-2.8027
15121,437,28,135.6312
15122,55,92,826.9828
15123,47,99,2047.3775
15124,409,15,-4.4364
15125,27,172,7122.617
15128,13,118,-9.5146
15129,39,98,141.1869
15130,13,43,112.2047
15132,105,69,193.0957
15133,101,44,564.409
15134,35,93,261.4209
15135,97,18,28.0987
15136,389,35,2122.9672
15139,153,16,6.3091
15140,82,80,752.0019
15143,67,25,132.697
15144,66,262,770.6172
15145,89,100,-39.4839
15146,21,56,62.7646
15147,82,55,3.323
15148,397,19,38.7234
15149,520,21,177.96
15150,113,361,532.7397
15152,396,142,987.9719
15153,418,19,4.4696
15154,461,66,99.2808
15156,420,20,114.9989
15157,15,141,-641.0266
15158,432,7,-12.3039
15159,17,844,244291.7593
15160,15,4,71.7763
15163,405,28,29.7621
15164,53,144,-1210.3417
15165,11,1050,27541.3896
15167,169,77,412.3211
15168,412,5,9.897
15171,255,9,448.7538
15172,79,110,312.6026
15174,177,21,260.5707
15175,458,22,12.8462
15178,183,6,1.7479
15179,161,123,2058.9363
15180,25,12,-29.9496
15181,23,21,188.7739
15182,130,30,346.8461
15184,416,60,412.1773
15185,457,20,50.8524
15186,15,29,210.9489
15187,49,87,2212.1038
15189,12,229,1244.8073
15192,23,63,56.8037
15193,447,16,23.623
15194,11,375,2839.9265
15197,16,46,159.8755
15198,479,5,0.0576
15199,96,16,716.1397
15201,59,83,137.7897
15203,162,134,2617.9523
15204,15,8,225.2416
15205,472,35,69.8469
15206,295,7,193.8659
15208,11,33,255.0681
15210,85,20,1163.1347
15211,23,40,84.1988
15212,145,12,0.0698
15213,184,39,18.8339
15214,46,101,-9.4252
15215,431,20,114.8716
15218,26,234,1395.2568
15219,75,13,920.1975
15220,22,100,455.2436
15221,24,12,5197.6137
15222,217,10,32.2275
15223,81,42,654.6731
15224,16,30,43.5144
15225,98,44,7416.1817
15226,152,13,-11.4903
15227,60,81,328.7027
15228,20,99,344.1474
15230,92,45,183.7889
15232,500,31,58.1909
15234,663,13,12.7201
15235,9,250,730.0058
15236,139,28,263.74
15237,68,156,356.1781
15238,32,62,152.0168
15239,444,29,39.4175
15240,82,100,446.2307
15241,53,88,-106.1874
15243,461,21,26.2186
15244,105,49,152.6633
15245,107,67,-32.9261
15246,16,60,76.0945
15247,509,6,-13.6531
15249,67,427,995.2927
15251,26,159,4822.3525
15252,31,58,262.2796
15253,10,65,-52.8342
15254,514,18,5.6491
15256,535,6,-5.6082
15257,670,6,155.5392
15258,26,63,2728.4919
15260,115,85,61.4222
15262,166,17,239.0952
15263,493,11,24.8001
15264,451,21,41.3981
15265,89,77,665.6015
15266,215,9,64.0782
15267,35,14,567.4072
15269,410,2,7808.058
15270,81,68,4041.4735
15271,21,224,1279.563
15272,444,60,56.9938
15274,391,46,677.5724
15275,424,37,67.7242
15277,433,12,-14.4168
15279,12,23,159.1575
15280,23,15,-3.1241
15281,87,199,2325.1923
15286,436,3,-5.5611
15287,409,20,-4.7722
15288,23,140,429.9217
15289,90,74,-113.2878
15290,17,223,1560.7452
15291,9,1024,10349.7953
15292,588,24,-256.9969
15296,28,285,1785.5324
15297,408,23,2.828
15298,24,198,153.2208
15299,67,1010,6657.2819
15300,451,28,77.6094
15301,53,191,695.3021
15303,677,30,137.7259
15304,22,21,116.8023
15306,451,55,119.1251
15308,124,39,-38.5789
15311,8,2956,16394.0409
15312,12,60,138.3406
15313,497,1,20.4613
15315,451,37,-46.8403
15316,198,2,4.1028
15318,390,32,-129.9613
15319,670,16,-59.1555
15320,431,36,51.6708
15321,436,65,281.8582
15322,451,41,141.4712
15325,490,47,-59.5583
15326,183,50,47.4692
15327,439,8,20.2881
15329,23,54,130.4697
15330,419,13,0.2428
15332,24,35,9704.6628
15333,61,31,2635.131
15334,16,121,352.0784
15339,160,80,313.9312
15341,467,17,448.8516
15342,503,24,89.0668
15344,419,23,82.5232
15345,432,20,111.3245
15346,173,27,473.4859
15347,24,9,1161.1892
15348,459,9,31.0576
15349,545,11,32.851
15351,399,211,25997.0251
15353,25,101,726.9799
15355,416,6,22.659
15356,18,698,1751.5292
15358,10,698,4260.2331
15361,19,7,5.2214
15363,57,713,4257.2706
15364,149,5,334.0118
15365,166,92,487.0214
15366,16,50,-142.38
15367,86,122,349.0259
15368,408,4,5.8225
15370,56,107,1530.7036
15372,524,27,-66.2876
15373,17,167,695.2927
15374,515,3,0.2943
15376,66,106,143.3332
15379,16,341,3227.6761
15380,23,33,34.4806
15381,116,15,-6.5863
15382,35,348,1222.4127
15384,17,836,4642.2553
15385,427,12,2.5003
15386,573,30,15.5304
15388,113,9,261.6527
15389,184,1,-2.0142
15392,18,85,613.6196
15393,403,4,0.6251
15394,16,116,1710.348
15395,176,6,29.2522
15396,499,13,166.8371
15397,676,4,9.7217
15398,403,72,116.0456
15399,388,49,34.555
15400,92,15,46.5639
15402,535,37,1.6449
15406,142,94,829.8866
15407,34,161,12220.2697
15408,110,62,187.9461
15410,14,143,447.6012
15411,31,82,50.3434
15412,45,18,-486.1419
15414,84,25,126.0363
15415,162,92,196.0886
15416,81,216,854.729
15417,472,28,153.6357
15419,411,8,-2.5744
15421,58,87,17.7414
15422,172,10,-32.0749
15423,425,2,3.1949
15424,99,32,510.1086
15426,102,204,449.8994
15427,420,270,60.0915
15428,402,5,9.8848
15429,413,77,40.7751
15432,410,10,19.5478
15433,68,80,100.7735
15434,395,50,81.5107
15435,409,28,82.7881
15436,78,386,650.0699
15437,104,80,357.6258
15438,518,24,1825.5959
15440,63,75,136.5352
15442,178,4,6.2944
15443,162,338,439.3861
15444,396,134,126.3846
15445,150,8,127.6361
15447,173,17,116.9816
15448,158,54,-12.21
15449,105,61,162.9461
15452,106,79,148.2588
15453,18,198,612.0657
15454,20,21,-7.9179
15456,17,83,-37.1771
15457,103,109,1139.5263
15458,412,7,26.9858
15460,12,102,241.9113
15462,481,4,3.0634
15463,416,6,1.857
15464,179,284,-799.5922
15465,17,105,1212.9694
15466,472,54,6.2991
15467,396,20,-16.6964
15468,18,29,58.2089
15469,430,23,23.5906
15471,389,63,48.3257
15472,500,72,26.7149
15473,401,9,273.6589
15475,464,29,55.2764
15478,427,42,-5.1659
15480,503,44,220.3522
15482,16,114,-381.7869
15483,108,127,216.154
15484,396,153,206.0429
15485,184,57,-183.1819
15488,479,2,0.3754
15489,54,75,252.9742
15491,31,234,1672.2123
15492,415,35,18.5425
15493,94,296,1828.0081
15494,408,119,466.6285
15497,182,24,177.7926
15498,23,701,4633.9175
15500,395,60,130.4214
15502,118,237,3719.169
15503,20,131,426.2129
15504,468,12,-517.994
15505,451,63,-244.4021
15506,409,142,262.3674
15507,13,36,824.4242
15508,61,62,671.0158
15510,327,2,4137.8561
15511,398,140,612.4045
15512,17,13,29.6508
15513,11,2160,28832.2999
15514,18,232,9554.2347
15516,431,15,153.4585
15517,74,51,3019.9846
15518,63,258,30.8792
15520,388,18,-63.2663
15521,54,295,1050.1307
15522,419,13,16.23
15523,471,10,12.8485
15525,10,1158,4821.8186
15526,420,4,-29.6277
15527,12,184,1002.0824
15528,104,51,223.2768
15529,22,717,650.9034
15530,12,168,632.1382
15531,395,37,38.4555
15532,8,366,2190.997
15533,406,43,217.4856
15535,15,122,-70.7088
15537,11,23,563.0573
15539,394,41,-4.2325
15540,398,15,5.0047
15543,675,26,29.9726
15544,15,359,0.4012
15545,441,79,285.5958
15547,20,653,1001.2943
15549,159,163,430.9708
15550,15,64,461.5241
15551,423,26,174.471
15552,74,31,82.5374
15554,664,12,66.4667
15555,19,1022,1821.3372
15556,411,30,37.5461
15557,415,16,270.6043
15561,78,33,451.5617
15562,9,2,5.7291
15563,16,136,375.6089
15565,437,7,3.6377
15567,405,7,-37.6629
15568,389,31,83.1595
15569,207,35,485.0754
15570,15,351,3186.8152
15571,398,49,116.3267
15572,94,237,9118.4035
15573,418,88,216.0437
15574,16,181,622.7676
15576,424,42,-33.1933
15577,182,40,29.1923
15579,158,67,155.1203
15581,11,215,712.8054
15582,62,65,214.7819
15584,410,100,108.9434
15585,17,60,361.5282
15587,9,12,149.7149
15589,96,58,60.5886
15592,433,23,97.4285
15593,457,5,19.3111
15594,86,90,118.1606
15596,23,98,639.7576
15598,437,1,-0.0072
15599,45,79,62.1474
15601,15,543,17708.922
15602,18,53,-661.3759
15603,465,2,-11.2225
15604,439,17,22.3793
15605,101,68,370.494
15606,15,81,1186.6982
15607,199,13,56.1297
15608,415,19,9.1214
15609,43,28,62.2042
15610,438,6,2.1912
15611,84,41,-6721.5086
15612,423,6,6.1399
15615,17,536,3612.1701
15618,419,47,-14.6867
15619,397,2,-0.2525
15620,16,125,-26.5319
15621,391,17,174.0289
15622,66,165,675.8455
15623,528,19,33.9274
15624,67,30,655.7241
15625,48,66,264.0331
15626,170,59,51.9323
15628,24,197,11289.7783
15630,62,74,94.1035
15632,25,189,1622.2802
15634,404,14,4.0509
15636,476,17,-44.8288
15638,688,2,-0.2075
15639,521,23,27.0544
15640,6,3213,81048.7118
15641,17,137,1237.8845
15643,578,10,86.1229
15644,7,373,1210.1207
15645,405,47,275.7739
15646,110,43,-49.2821
15648,55,48,1170.568
15649,25,2,3.1816
15651,130,29,84.7519
15652,478,19,85.9685
15653,479,6,-918.5375
15654,396,20,157.3182
15655,92,35,8.2723
15656,20,61,225.9309
15657,409,1,-6.778
15658,113,55,7174.2499
15659,430,11,158.4684
15660,23,114,885.9124
15661,211,10,102.0551
15664,17,19,14.9805
15665,13,144,1502.8151
15668,211,2,-0.0055
15669,43,53,-785.2393
15670,683,10,6.6123
15671,88,100,118.3672
15673,57,156,280.7574
15674,64,121,1119.206
15675,468,21,35.6501
15676,396,75,14.6494
15677,436,32,199.5919
15679,28,30,47.4052
15680,24,105,268.2916
15681,26,72,612.903
15683,504,10,14.4471
15687,127,195,521.2273
15689,19,9,151.3211
15690,391,18,17.662
15691,190,4,12.1851
15692,415,11,14.3198
15694,18,80,395.9557
15695,115,43,172.3109
15696,66,189,1019.0111
15699,404,17,24.801
15700,14,157,693.0963
15701,389,199,577.4409
15703,152,9,487.0207
15704,56,122,982.601
15705,588,6,83.6364
15706,446,53,299.0094
15707,430,128,801.3727
15708,67,249,1956.4963
15709,670,6,8.1411
15712,65,55,238.4789
15713,24,16,1002.7154
15714,398,33,14.4148
15716,130,125,-2446.4548
15717,77,12,69.5731
15719,25,1208,3425.3457
15721,398,77,197.4011
15722,495,22,285.3851
15723,22,70,152.8887
15724,588,10,2.899
15727,17,386,56602.2001
15728,436,2,4.5712
15729,147,9,41.7943
15730,47,69,76.4855
15732,168,22,969.475
15733,669,10,86.4827
15734,587,11,50.9095
15737,88,61,1400.0883
15738,23,201,817.3051
15740,436,9,-17.4928
15743,403,75,162.66
15744,464,3,-23.4078
15745,96,54,206.0096
15746,521,29,477.1626
15747,24,83,2786.6876
15748,427,18,28.9879
15749,80,16,71176.8547
15750,13,359,1086.6072
15752,90,381,610.4459
15753,203,1,-0.2904
15754,153,34,186.2482
15755,89,105,864.5033
15756,60,215,-1129.4286
15757,58,58,172.1796
15758,411,8,26.2302
15759,16,12,793.4236
15762,452,35,118.2652
15763,418,56,1027.3922
15764,26,200,419.4597
15766,451,10,17.873
15768,66,40,-5219.4663
15769,41,160,33738.9435
15774,455,22,29.105
15775,87,7,115.8517
15776,520,17,-8.4623
15777,19,39,633.6458
15780,15,43,229.1958
15781,164,24,91.3307
15782,433,35,121.8083
15783,397,13,6.8691
15785,419,77,-19.858
15786,430,3,15.9941
15787,413,187,830.4172
15789,16,48,265.0507
15791,45,123,811.8563
15793,212,11,114.8257
15795,536,40,152.5294
15796,56,121,740.4077
15797,125,12,7592.4357
15799,175,91,51.7439
15800,90,126,306.4026
15801,444,13,12.087
15803,438,7,-30.2465
15804,12,224,-355.9116
15805,22,343,1480.0835
15806,544,22,-20.107
15807,437,44,199.8271
15808,19,301,8525.4452
15809,68,47,317.8832
15810,13,164,256.4326
15811,15,158,993.227
15812,95,18,58.4166
15813,49,74,-558.0057
15814,403,71,-7.8039
15815,105,59,-464.1277
15819,436,84,-10.6906
15820,160,34,115.83
15821,431,61,75.7958
15822,17,46,203.7196
15823,724,13,59.1261
15825,15,20,20.0945
15826,76,93,5.9693
15827,25,112,600.008
15829,486,51,-126.7707
15830,424,37,50.8891
15831,167,57,1000.782
15832,95,102,280.4638
15834,11,1649,14580.4245
15835,122,69,1050.7706
15836,432,11,37.6505
15837,451,24,30.0929
15838,25,216,4325.0826
15839,412,34,177.8861
15840,15,25,117.7706
15841,77,70,-139.9458
15843,246,6,363.789
15845,34,155,419.9579
15847,425,21,17.2646
15850,14,80,-33.964
15852,573,22,19.5665
15853,438,29,6.5807
15854,19,207,8165.2554
15855,24,105,172.6197
15856,9,716,5895.0775
15857,405,14,37.7316
15858,25,165,618.7778
15860,102,143,745.0471
15861,108,627,692.5715
15862,47,941,13243.4582
15863,412,18,25.5654
15864,83,19,243.6118
15865,92,35,-60.1674
15866,488,42,92.9288
15867,12,524,2137.3351
15869,664,13,-3.6879
15870,419,65,29.2426
15872,401,100,128.7147
15874,76,162,-496.8584
15877,388,121,-11.027
15880,756,93,176.971
15881,22,54,1090.6267
15882,585,23,1024.0194
15883,389,44,-136.2702
15885,480,14,15.9128
15888,466,2,-1.2651
15889,543,79,803.82
15891,75,116,267.2355
15894,100,34,-69.3267
15895,536,11,-0.2936
15897,581,21,-14.2609
15898,25,83,-57.5958
15899,755,3,8.6722
15900,410,43,-19.6175
15901,403,83,99.8319
15903,80,71,165.5229
15904,395,30,18.2255
15906,61,173,2047.5888
15907,19,293,578.7777
15909,77,13,492.5502
15910,57,323,134.0513
15912,19,38,62.8163
15916,24,158,1459.2279
15917,105,23,-42.5244
15918,146,38,311.0684
15919,755,36,-17.7495
15921,17,46,36.308
15922,94,937,2952.3937
15923,16,2798,30859.9601
15925,581,11,-17.9406
15930,454,20,117.1887
15932,9,119,311.6738
15933,408,70,68.3026
15935,120,21,386.2825
15937,451,6,27.7792
15938,102,26,199.0501
15939,25,115,3285.3625
15940,203,2,47.7699
15942,520,14,23.9208
15944,663,5,30.1608
15945,23,4,27.978
15947,469,27,355.5384
15948,395,60,50.9665
15949,403,19,12.1719
15950,17,84,-31.6843
15951,388,41,69.9402
15952,85,92,234.3861
15953,171,109,880.116
15955,55,151,55.7262
15957,418,38,41.072
15958,461,6,7.1789
15963,432,18,-25.818
15965,25,115,73.6013
15967,163,100,1730.7187
15969,389,19,144.8865
15970,154,9,-4.6323
15971,170,35,583.4664
15973,24,8,-35.7206
15974,39,195,585.321
15975,471,24,45.9722
15976,8,182,633.0024
15977,404,60,38.8358
15978,464,48,489.6681
15980,141,61,38.6989
15981,27,145,175.74
15983,18,125,676.9269
15984,117,250,-1375.6762
15985,82,62,171.1817
15986,417,14,-7.9781
15987,168,118,-80.298
15990,431,49,124.8075
15992,390,3,1.4141
15993,395,514,876.3702
15994,441,30,13.5358
15996,13,169,1608.5113
15998,15,555,1317.3754
16000,389,9,825.87
16003,10,98,98771.5068
16005,23,190,1206.4085
16006,61,16,55.8819
16007,21,434,771.1837
16008,63,38,65.8762
16009,409,71,130.2849
16010,20,121,254.2376
16011,20,269,-1034.7416
16012,515,44,240.8542
16013,15,157,7238.4058
16014,424,7,-9.5669
16015,390,174,-115.0047
16016,24,295,1408.6598
16017,434,26,1.9506
16018,40,14,511.3859
16019,22,158,1655.2638
16020,403,45,24.6023
16022,104,129,378.1468
16023,109,80,532.193
16024,399,59,66.3157
16026,430,30,44.8436
16027,22,22,9223.4259
16029,6,2062,41156.4286
16030,153,55,366.9089
16031,89,131,230.6778
16033,11,1068,8615.0082
16034,73,35,327.6982
16036,121,21,-20.6963
16037,16,52,1467.7331
16038,30,28,14.943
16040,116,83,439.8056
16041,417,6,1952.1103
16042,23,72,44.7287
16043,82,65,403.2774
16045,86,90,99.666
16049,427,271,1448.3519
16050,29,20,305.615
16052,441,34,61.5676
16053,419,80,-88.0313
16054,532,66,191.3316
16055,87,7,135.7035
16056,432,64,191.774
16057,64,115,209.4178
16059,6,230,1048.8868
16062,22,88,605.2374
16063,115,39,108.4353
16065,23,136,371.6544
16066,403,90,179.9669
16070,409,32,120.2211
16071,431,19,17.7919
16072,675,22,266.9437
16073,684,1,0.3963
16076,84,127,641.757
16078,670,1,-1.5846
16079,403,19,28.6853
16080,116,16,131.6631
16081,24,144,-78.9075
16083,18,48,98.3785
16084,141,72,269.6457
16085,77,215,148.3727
16086,25,44,224.2641
16091,541,8,-82.203
16092,105,55,52.0113
16094,80,78,162.5691
16096,125,24,5420.1579
16097,85,20,542.8026
16098,100,923,9886.9254
16099,68,55,99.9751
16101,440,76,74.8008
16102,429,56,1546.2059
16103,80,61,1824.7303
16104,448,27,-3.3522
16105,103,26,366.5233
16107,34,37,239.9596
16108,471,48,35.043
16109,66,31,218.4946
16110,103,503,2548.8736
16112,223,21,-18.7786
16113,33,58,608.772
16114,44,15,10.6082
16115,21,289,60.0236
16116,52,65,188.5198
16119,395,5,21.7545
16120,446,28,48.3117
16121,56,231,-191.3516
16122,24,52,265.4909
16123,438,14,17.9082
16124,166,23,867.9834
16125,25,25,191.0513
16126,25,133,5216.7468
16128,404,50,-40.5367
16131,95,90,551.2482
16133,48,351,-407.4452
16134,12,53,207.1775
16135,103,37,209.1285
16136,464,14,-2.449
16139,60,31,-156.5058
16140,439,35,26.0501
16141,475,29,123.6422
16142,100,70,28.0882
16143,12,133,743.9601
16145,12,283,861.7302
16146,92,52,205.9566
16147,520,20,34.8553
16148,683,1,-0.018
16149,391,18,23.5105
16150,126,123,301.0082
16152,109,51,1198.9569
16153,12,98,427.5159
16156,49,141,1407.0387
16157,402,18,-50.4461
16160,451,21,5.5703
16161,17,626,-1088.0481
16162,149,4,4.2
16163,23,12,3732.0264
16164,404,33,90.6741
16168,68,108,858.878
16169,395,69,15.0871
16170,31,132,153.0065
16171,446,3,5.0443
16172,16,84,168.3808
16173,402,82,169.8772
16175,21,94,331.4396
16177,437,14,29.7812
16178,525,8,0.7191
16179,447,9,23.8738
16180,25,239,2068.6645
16182,52,32,1510.842
16183,454,15,26.8757
16184,46,44,-134.9431
16185,83,49,159.265
16186,9,1178,17812.82
16187,18,391,325.4923
16188,68,92,281.619
16189,402,11,22.2053
16191,18,159,-7048.6341
16193,78,38,207.8464
16198,462,14,11.7858
16200,5,211,591.9589
16201,390,80,-86.0739
16202,18,34,-1.0109
16203,20,725,142416.1235
16204,410,43,-897.4647
16205,23,92,1084.7606
16206,49,81,297.2873
16207,412,18,97.5428
16208,431,60,175.4637
16209,88,55,146.8445
16210,16,898,11687.3006
16211,475,22,52.4998
16212,670,28,67.7738
16213,465,6,17.0486
16214,12,82,782.6155
16215,467,14,-10.4196
16216,131,70,-890.6522
16217,179,5,103.4939
16218,7,2207,19592.479
16221,25,122,460.0432
16222,160,224,7823.7501
16224,82,134,999.2861
16225,18,134,219.6161
16226,99,11,21.5646
16227,68,5,-36.0693
16229,62,58,276.4434
16230,72,37,317.7944
16232,72,42,198.5433
16233,16,31,1084.4882
16235,192,48,215.7056
16236,465,20,19.9746
16239,443,6,1.774
16240,396,77,6309.1488
16241,18,643,-480.8342
16242,10,234,6552.0189
16243,420,46,-139.4534
16244,52,110,686.373
16245,101,112,337.8474
16247,19,30,333.4735
16248,448,7,3.2739
16249,88,65,363.2663
16250,104,24,-176.3597
16252,24,31,-785.3353
16253,99,100,470.4958
16255,23,333,1323.7271
16256,117,26,-132.7913
16257,190,2,19.1447
16258,14,184,1481.1828
16260,437,18,43.3273
16261,88,156,512.0814
16262,18,2,5.9025
16265,22,248,2268.9536
16266,37,40,1595.4953
16268,458,41,324.7813
16270,11,101,869.2927
16271,16,69,108.776
16272,503,23,19.8995
16275,583,32,33.6891
16276,39,12,-197.2584
16278,410,23,-133.1738
16279,27,117,1346.968
16281,459,16,73.4483
16282,246,21,132.9056
16283,53,145,775.6844
16284,418,93,37.581
16287,50,16,54.6703
16292,504,19,35.3612
16293,25,149,469.7451
16295,445,41,26.7706
16297,117,37,155.0516
16298,409,20,-83.8039
16303,189,96,1029.6843
16305,525,21,31.2108
16306,25,72,324.2445
16308,284,3,-2.0073
16309,85,41,-9.9568
16311,404,36,87.0891
16313,390,14,8.5125
16315,190,26,35.6688
16316,16,141,1477.6835
16317,506,65,28.2453
16319,179,4,4.8686
16320,55,98,30.8117
16321,210,23,377.3562
16322,423,23,112.0928
16323,583,1,0.2198
16324,20,145,395.5387
16325,100,24,47.5282
16326,15,280,1797.27
16327,118,180,1278.5587
16330,404,40,960.2328
16332,174,152,272.2941
16333,83,63,-3654.5743
16337,423,9,-3034.403
16338,544,8,4.5442
16339,671,17,14.8338
16340,494,124,58.0408
16341,411,78,140.1853
16342,24,14,79.1645
16343,403,39,21.8592
16344,545,1,2.3173
16345,431,35,-7.375
16347,398,76,-302.3067
16348,91,271,2219.8067
16349,677,9,23.7663
16350,23,58,193.5591
16351,226,13,90.0426
16352,404,26,109.4961
16353,11,1226,30320.0135
16354,450,1,4.3952
16356,77,31,3.0183
16357,61,32,148.8695
16358,32,94,-47.9761
16359,20,78,2091.5985
16360,391,245,645.8388
16361,396,72,0.3376
16362,419,79,925.5949
16364,398,48,218.6263
16365,17,53,486.7467
16367,20,116,126.2259
16368,389,61,26.7392
16369,405,64,44.2644
16370,25,248,583.4081
16372,420,84,182.9714
16374,117,50,-72.6593
16376,395,106,199.5065
16377,112,10,-1.9995
16378,127,36,-26.0403
16379,391,107,-76.5666
16380,448,28,2383.0305
16383,109,134,150.9776
16384,106,54,247.2979
16385,24,51,46.597
16386,124,76,797.1221
16387,187,8,-17.4597
16389,53,33,1115.4082
16392,111,80,1251.0048
16393,20,367,2202.805
16394,27,118,22.3352
16395,9,242,400.6637
16398,94,57,215.2067
16399,78,30,342.9941
16400,481,27,4.7068
16401,71,170,355.9683
16402,120,57,274.7022
16403,182,22,136.4239
16404,457,19,16.9768
16405,191,9,282.8668
16406,405,53,30.5827
16407,134,176,452.9864
16409,83,311,992.8033
16411,756,17,-30.8635
16413,443,29,98.7465
16414,408,7,0.4997
16415,431,44,111.0224
16416,413,65,60.8352
16418,77,98,480.9546
16419,52,77,380.3409
16422,12,451,3491.0463
16423,411,18,10.0446
16424,578,5,8.1142
16425,148,42,134.3098
16426,126,301,582.5616
16427,107,13,89.9381
16430,444,6,33.217
16431,61,89,610.3809
16432,451,8,-0.4165
16433,415,16,10.0001
16434,141,116,240.897
16438,392,129,279.6443
16440,61,257,270.4455
16441,454,11,5.8287
16442,18,259,572.5828
16444,124,66,321.1251
16445,420,61,51.4075
16446,72,3,5.4021
16448,585,18,0.4565
16449,584,37,105.2997
16450,536,11,89.078
16454,431,2,8.1423
16455,19,133,-6136.9915
16456,12,906,21774.9743
16457,67,15,4.9937
16458,18,212,1185.8301
16460,415,121,25.0485
16461,21,61,341.7632
16462,460,3,24.9729
16463,59,78,1308.346
16464,529,80,209.1444
16466,34,140,267.3589
16468,461,2,2.4083
16469,91,216,1325.8051
16470,16,149,617.4384
16471,139,24,89.3313
16473,26,23,73.0645
16474,394,229,-10.5794
16475,115,41,300.3324
16477,10,193,701.8313
16478,412,17,85.5419
16480,462,48,22.1581
16483,579,18,59.657
16484,24,31,147.4826
16485,464,39,98.2244
16488,420,16,-528.7166
16491,433,39,25.6856
16493,17,60,-67.5608
16494,683,46,50.1548
16495,123,112,63.8021
16496,53,163,1394.5765
16497,144,158,453.1595
16498,548,13,138.6325
16499,18,44,108.4835
16500,333,10,-33.0349
16503,16,112,1544.9202
16504,412,74,48.7898
16505,418,4,-399.9293
16509,683,11,615.5828
16510,759,12,317.3788
16511,110,197,768.1866
16513,395,3,76.8256
16515,89,154,1876.8688
16516,417,5,27.3425
16517,664,16,16.88
16518,448,42,116.6777
16519,23,16,358.4444
16520,23,262,971.088
16523,59,285,5276.1997
16525,16,259,4486.6695
16526,28,30,805.5693
16527,468,13,31.5516
16528,390,16,64.803
16529,577,29,50.5866
16531,18,69,473.9566
16532,264,5,-91.9416
16533,441,137,223.7817
16536,497,44,26.8518
16539,10,859,6317.3676
16542,440,5,17.2048
16545,81,6,8.3556
16546,677,25,224.3635
16549,181,407,782.933
16550,11,284,1911.3223
16551,185,21,-91.4257
16552,9,1613,6371.1561
16553,18,148,5991.153
16554,71,60,108.2673
16555,496,9,-1.5532
16556,18,137,1484.3965
16557,524,6,23.4562
16558,15,568,1948.8354
16560,16,69,298.7696
16563,440,17,125.5922
16565,22,6,-0.0233
16566,61,18,22.2491
16567,181,34,619.7941
16569,390,5,6.1216
16570,12,177,751.2726
16571,26,101,302.9705
16572,118,56,515.1731
16573,471,38,102.9375
16574,458,28,-21.3133
16581,55,17,19.5261
16582,500,5,-2.2364
16584,135,27,301.2596
16586,158,15,434.9071
16587,125,24,179.6349
16589,458,29,28.8173
16591,455,9,15.1586
16592,35,242,484.2124
16593,284,6,153.4321
16594,462,51,30.2137
16595,448,82,677.0044
16596,24,16,849.1651
16597,391,7,-4.9203
16598,672,10,-4.0891
16600,119,63,118.9821
16601,427,28,-160.6005
16602,423,29,45.7186
16603,461,34,21.387
16607,15,192,-1302.2216
16609,65,124,798.2867
16610,67,12,38.7159
16611,573,10,43.4434
16612,153,77,382.9107
16613,457,28,17.0949
16614,27,51,-14.4938
16616,402,32,30.903
16617,124,10,2.199
16618,54,143,15538.8749
16619,105,26,255.3782
16620,105,9,8.0126
16621,56,31,1015.9793
16623,117,10,-0.1012
16624,584,21,130.6593
16625,115,41,-560.1994
16626,49,192,1996.5933
16627,466,18,240.7306
16628,63,111,117.367
16633,24,116,1097.6526
16634,76,9,59.0714
16637,69,85,1150.4835
16638,17,95,444.8805
16639,90,64,427.9836
16641,492,12,27.9023
16642,69,45,322.4787
16643,88,52,317.7955
16644,22,121,54.0997
16647,75,25,78.0263
16648,429,19,-1.6521
16650,458,23,25.5924
16652,64,155,1227.6612
16653,403,68,36.9285
16654,88,20,-47.5322
16655,173,277,1775.1961
16656,22,69,1972.0506
16657,98,208,319.0959
16658,755,7,2.0211
16660,112,22,262.5806
16665,20,7,45.5252
16667,455,48,217.8702
16668,67,22,-44.5403
16669,410,146,440.4682
16670,16,243,3257.1672
16671,25,9,153.8673
16672,7,177,6557.4099
16674,441,90,79.6634
16676,59,135,1883.1727
16678,79,180,222.4775
16679,24,5,-4.8631
16680,430,10,25.3496
16681,58,55,-887.361
16682,391,19,34.0617
16684,12,323,18507.3249
16685,448,54,120.3952
16686,13,567,986.9501
16688,430,43,80.4959
16689,462,12,16.9522
16690,459,11,15.2243
16692,257,3,24.2659
16693,119,56,237.2009
16696,67,10,4036.9923
16697,92,38,604.1793
16698,175,5,48.6771
16700,20,384,595.6032
16701,17,181,-47.3354
16705,12,318,4940.3955
16706,424,48,22.0561
16708,432,26,110.6135
16709,105,45,875.8423
16710,18,493,1941.5065
16711,15,19,32.1092
16712,19,598,775.8102
16713,12,513,-1636.2608
16714,160,145,-490.7837
16715,465,19,-13.8223
16716,689,1,2.1026
16717,24,187,3812.2851
16718,756,38,201.4387
16719,76,223,3346.5959
16720,413,24,74.0338
16721,112,72,252.7325
16722,18,244,1460.388
16723,478,35,1611.6678
16725,17,231,2545.1898
16726,19,117,332.6556
16727,22,79,163.3786
16728,8,266,-123.0978
16729,29,677,1730.9621
16730,90,113,60.2024
16732,418,28,119.7073
16734,439,19,47.7858
16735,104,128,423.6889
16738,285,2,-0.2874
16739,38,25,52.4961
16743,16,268,669.4247
16744,17,216,4751.1221
16745,30,507,1332.9545
16746,16,429,1950.6988
16747,412,43,-52.164
16748,62,83,819.7272
16750,94,82,50.1256
16751,417,24,3571.2521
16752,759,7,842.1792
16753,445,33,-30.0149
16754,23,1123,8770.0512
16755,70,146,901.6505
16756,61,26,137.9606
16757,238,14,14.6656
16758,452,19,75.1897
16759,394,42,50.7181
16762,531,13,73.2493
16763,585,21,273.7824
16764,390,579,978.4003
16766,116,51,1431.0228
16767,55,322,714.0437
16768,114,50,-66.2773
16769,112,61,1027.6603
16770,16,212,340.5905
16771,117,399,-2082.3415
16773,444,22,84.3263
16774,33,58,464.9294
16775,25,152,2714.4304
16777,99,64,167.7165
16778,125,21,-10.4295
16779,6,400,68.892
16780,105,64,147.1581
16781,23,17,243.0203
16782,17,270,3831.5208
16788,95,198,51.6957
16789,395,5,16.8154
16790,390,90,115.8899
16791,54,305,1105.6683
16793,444,16,19.7769
16794,26,222,1016.6967
16795,23,122,405.062
16796,476,18,10.6751
16800,398,139,256.5069
16801,16,125,1255.7883
16803,452,22,15.2335
16804,138,54,124.5266
16805,14,186,639.9543
16806,24,138,1078.486
16807,67,76,-120.9547
16808,120,39,95.301
16809,66,208,633.7293
16810,18,15,762.6796
16811,391,28,22.7533
16812,18,28,5867.4999
16813,14,508,3102.9456
16814,11,1847,15170.8647
16816,16,48,183.0163
16817,17,126,177.325
16818,54,199,621.4766
16823,69,65,222.6721
16824,8,25,-78.1885
16825,425,26,58.2926
16826,438,20,17.0767
16828,480,8,152.3831
16829,543,11,2.325
16830,425,22,44.203
16832,42,19,374.101
16833,108,44,8.1516
16834,76,47,-162.1107
16835,11,563,12120.7184
16836,503,2,-1.5728
16837,59,154,1137.7546
16838,584,24,-143.5226
16839,21,299,2097.2766
16841,24,131,223.0732
16842,145,85,95.1846
16843,17,435,1851.9769
16846,437,9,24.7115
16847,430,12,36.1456
16850,176,19,61.2072
16851,391,19,8.0535
16852,33,11,270.8156
16855,410,19,98.6575
16856,401,2,1.0173
16858,24,13,-199.2264
16859,103,52,467.063
16861,545,3,5.1441
16863,24,34,26.3329
16866,527,10,7.0734
16869,12,173,46.1868
16871,59,199,-59.0091
16872,54,10,30.665
16873,12,339,-785.6869
16875,191,127,328.3057
16877,49,92,66.6005
16878,411,4,-0.5496
16880,21,106,180.6167
16882,81,29,710.3569
16883,758,17,124.6108
16884,424,25,56.0754
16885,15,50,109.5349
16889,87,124,501.4879
16891,388,153,541.6975
16892,36,75,-248.1439
16893,24,81,292.5937
16895,451,57,104.1642
16897,160,70,542.7826
16898,18,221,41.6788
16899,18,134,116.4607
16900,398,71,80.5114
16902,503,43,531.6952
16903,416,48,29.0146
16904,13,831,2103.9159
16905,89,142,2033.0223
16906,47,107,811.8744
16907,23,190,935.0355
16909,451,19,78.3876
16910,391,512,4622.1557
16912,100,125,591.8058
16913,677,8,57.4309
16914,423,25,-20.2168
16915,24,75,178.0036
16916,6,1883,33015.5542
16917,663,9,103.4471
16918,163,116,175.6132
16919,18,494,2382.5871
16921,448,49,-7.7735
16923,16,680,9973.2071
16924,408,76,210.9535
16926,34,1671,42692.2626
16927,19,5,5.5052
16928,13,555,3655.7437
16929,390,73,563.3093
16930,413,50,-35.4666
16931,15,731,2363.2571
16933,84,61,-404.3684
16934,441,58,119.6523
16936,412,55,154.0581
16938,21,234,-12392.8968
16940,12,394,4937.7841
16942,21,293,699.7081
16943,62,56,870.7788
16945,15,343,1130.7574
16947,78,41,257.6967
16948,120,18,30.4966
16949,91,81,805.0238
16950,25,21,-173.5685
16951,147,83,33.8405
16952,496,16,29.2143
16954,17,44,342.7381
16955,205,18,175.4151
16956,404,16,793.7553
16957,122,24,44.4083
16960,96,139,558.065
16961,503,14,5.5576
16965,67,51,577.6278
16966,81,44,193.9543
16968,391,31,288.4823
16969,521,31,-17.2526
16971,425,37,-183.5939
16976,127,3,3.9889
16978,464,39,89.4396
16979,147,91,43.2567
16980,108,18,8.1829
16982,447,20,-10.9312
16983,67,110,1246.1935
16984,475,251,655.2654
16985,16,166,3052.5811
16987,15,156,1537.0507
16989,394,12,-20.1833
16990,184,2,121.7483
16992,397,87,248.258
16995,12,2864,45885.6434
16996,11,36,798.6892
16997,174,15,246.5339
16998,106,4,148.6947
16999,410,23,-6.3255
17001,16,183,2550.9471
17002,64,61,688.8562
17004,479,24,29.8581
17006,391,42,198.8458
17007,15,53,282.9369
17010,403,11,33.8372
17011,417,15,1.5413
17014,395,55,57.7624
17015,415,207,260.0653
17017,12,2968,11352.5376
17018,235,15,81.9605
17019,105,254,953.8162
17022,418,7,-3.2771
17024,432,3,-0.7006
17025,447,4,130.0583
17026,572,3,-91.2914
17027,23,166,2321.505
17029,94,3,1292.7176
17030,450,11,1.4663
17031,398,22,214.4138
17033,17,35,76.4022
17034,403,21,33.5934
17035,92,56,320.7069
17038,417,21,1.2465
17040,524,14,21.319
17041,18,86,-47.3895
17042,92,132,165.2814
17043,55,121,-39.158
17044,17,12,26.6315
17045,172,22,16.3619
17046,544,21,-32.6286
17047,46,103,840.06
17048,190,31,399.0237
17049,60,289,3190.8929
17050,92,242,982.7185
17051,581,38,41.22
17052,415,71,18.9963
17053,517,13,272.3254
17054,57,91,879.6991
17058,84,74,49.6454
17059,101,552,1065.3323
17060,119,9,90.2949
17061,18,128,1383.2482
17062,16,86,1852.3874
17063,22,75,621.1771
17064,27,82,859.4763
17068,16,355,1524.2715
17069,9,766,8267.1068
17071,92,112,103.0351
17073,404,163,624.3961
17075,96,93,287.1381
17076,22,38,114.0248
17078,423,26,31.2515
17079,465,2,-0.3515
17080,151,10,-1.3611
17081,412,39,-29.2211
17082,161,100,12564.065
17083,165,52,-17.1077
17085,12,226,161.7247
17086,394,87,225.765
17088,28,103,1729.5062
17090,12,27,90.4797
17091,25,211,861.6215
17092,437,56,75.1077
17094,163,26,1275.2223
17095,142,89,463.3645
17096,112,18,34.9022
17097,23,170,281.7128
17100,405,63,39.4475
17101,30,49,-163.4048
17102,168,1,-0.7285
17105,170,117,189.6832
17107,49,484,8641.5261
17109,74,163,551.6353
17110,22,18,9.3001
17111,434,29,246.6592
17114,54,124,1035.9099
17115,23,60,535.3858
17117,675,9,19.4531
17118,190,19,288.6653
17119,390,7,19.8913
17120,89,29,39.6165
17122,506,7,13.4631
17123,548,9,-2.2505
17124,572,28,19.2476
17125,437,33,9.0715
17126,20,212,976.7241
17128,220,13,79.2038
17131,420,69,327.971
17133,122,23,746.4533
17134,108,34,183.8522
17135,403,51,4618.276
17138,117,43,199.7369
17139,20,475,1958.7897
17140,89,30,-132.1039
17142,92,26,12950.692
17144,471,23,-3.7431
17146,16,63,-184.9276
17147,53,97,307.4823
17148,438,9,24.7565
17152,122,21,11.3201
17154,462,22,294.3507
17155,46,28,197.8891
17157,37,23,420.5429
17158,18,103,288.2262
17159,14,97,7.5982
17160,66,261,1768.0677
17162,101,124,439.0098
17163,408,4,1.1952
17164,62,193,705.523
17165,671,10,153.3913
17166,46,18,248.7639
17169,35,74,712.2807
17171,676,16,19.8101
17172,465,14,-33.1932
17173,401,62,702.6587
17174,73,7,28.8938
17175,22,61,819.9518
17176,588,14,-3265.414
17179,19,159,927.1779
17180,82,162,149.4278
17181,13,1110,11807.6143
17183,394,68,380.0547
17186,433,1,0.4848
17187,105,18,778.8085
17188,7,109,1794.6875
17189,17,67,1035.514
17190,207,19,1423.4526
17191,415,152,154.4964
17193,35,39,124.3656
17194,18,48,38.4369
17198,23,110,495.8937
17201,440,38,15.617
17203,422,38,349.1748
17204,12,108,861.0532
17211,11,266,354.4803
17212,139,4,174.7031
17213,11,177,383.8301
17214,17,99,173.2212
17217,95,17,664.244
17218,13,244,619.7823
17219,418,21,-44.4182
17220,22,441,1951.1238
17221,394,62,-5.9577
17222,452,27,106.1624
17223,163,59,1298.8593
17226,149,36,147.6949
17227,20,54,-55.1386
17228,25,206,220.242
17229,529,32,39.5121
17230,12,129,2284.8645
17231,19,628,226.6929
17232,389,34,68.4551
17234,30,27,140.25
17235,412,28,-593.4239
17236,20,155,104.9851
17237,398,17,-13.1034
17238,54,656,1835.483
17239,169,27,290.8267
17242,21,38,376.8815
17243,13,420,4109.0168
17245,57,15,163.2238
17247,402,52,105.1561
17248,507,66,111.532
17250,111,51,120.6558
17251,20,68,960.6443
17252,503,82,-46.5048
17253,405,16,39.4614
17254,391,57,89.4666
17255,140,99,313.641
17256,183,20,49.3305
17259,535,105,888.9557
17262,24,19,62.761
17263,63,42,-252.2902
17265,22,111,456.1183
17266,389,60,181.5282
17268,169,6,-189.2427
17272,109,77,507.0836
17277,103,126,734.6925
17278,90,27,111.8311
17279,444,7,102.8564
17282,53,168,399.0609
17284,31,338,-2885.4135
17286,408,43,53.5305
17287,25,2041,14904.2162
17288,16,139,105.2717
17289,26,94,513.1119
17290,390,89,10.5145
17291,194,2,1262.3233
17293,19,152,938.2483
17295,415,65,-22.3402
17297,404,49,40.8745
17298,488,26,57.1257
17299,14,71,213.2542
17301,408,59,17.9557
17302,51,106,824.0965
17303,19,101,279.7372
17306,57,82,-5239.6655
17307,23,2,-0.2444
17309,482,9,21.4277
17311,160,78,-199.6408
17312,525,14,1.4641
17313,404,28,441.4583
17314,18,184,1099.7139
17315,15,544,2419.5282
17317,433,9,96.9664
17320,103,74,191.4644
17321,395,92,166.5127
17323,9,165,367.4069
17324,24,63,171.3688
17325,667,6,17.956
17329,173,31,547.934
17330,409,6,5.4636
17333,472,28,52.9867
17334,160,22,46.2126
17337,52,963,1799.0747
17338,19,574,21536.2109
17339,23,12,80.3271
17340,12,383,1909.5096
17341,24,267,533.1256
17343,13,15,26.026
17345,480,33,47.2767
17346,11,1638,15302.9709
17347,473,1,-1.0034
17348,145,231,58.5159
17349,35,7,419.4349
17350,395,68,193.1554
17351,16,41,174.8061
17353,516,4,-84.216
17354,437,15,79.3793
17356,155,36,64.5448
17357,411,40,-625.8933
17358,13,55,96.3816
17359,398,13,16.806
17360,27,165,948.2677
17361,436,26,88.865
17362,100,66,249.6152
17364,52,424,1109.5876
17365,15,429,374.408
17367,80,65,755.1215
17368,36,178,609.582
17370,58,32,-133.3537
17371,19,89,114.354
17372,12,313,842.358
17373,170,71,-11.5653
17374,95,27,312.8071
17375,19,83,124.9953
17376,174,34,70.9761
17377,15,4076,102975.3301
17379,398,70,46.6897
17381,44,143,11203.5652
17382,452,2,182.1218
17383,391,46,49.5578
17384,70,5,3.7119
17385,401,42,38.5485
17386,9,33,24.9963
17387,420,17,-1.7245
17388,214,16,56.6658
17389,5,255,14989.4335
17391,63,6,3.0791
17392,16,105,1460.9085
17394,130,8,-61.4748
17396,454,20,16656.7596
17397,409,87,320.2366
17398,78,51,258.424
17400,11,142,926.2662
17402,33,70,3889.1684
17403,423,29,145.1766
17404,15,211,5426.9977
17405,451,47,82.8012
17406,24,196,37746.3418
17409,139,13,471.7924
17410,68,69,337.939
17411,117,39,647.5914
17412,16,74,1082.9608
17414,110,10,1.7553
17415,466,14,-253.856
17416,25,211,284.3409
17418,188,41,122.3586
17419,25,214,1505.9826
17420,13,570,5496.5648
17422,23,121,510.0158
17423,71,21,-1997.4497
17425,447,42,44.5061
17426,16,292,1506.9076
17427,458,2,0.2175
17428,13,407,1264.6632
17429,69,54,120.7709
17430,23,18,-139.2085
17431,155,80,-43.8707
17432,405,47,68.1158
17434,389,126,156.2761
17436,83,11,-19.8853
17438,108,14,1007.2191
17440,121,11,7.2105
17442,8,167,195.7665
17443,217,2,1.68
17444,14,107,135.6313
17446,23,18,8.1836
17447,427,34,-7.7897
17449,17,372,856.1054
17450,25,337,162264.7957
17451,396,86,2.3268
17453,404,17,100.5233
17454,17,108,378.1504
17455,590,7,5.6051
17456,23,33,-158.0013
17457,161,22,89.6994
17459,430,31,3.1862
17460,84,50,371.5028
17461,409,58,34.8043
17462,438,13,21.3868
17463,31,305,2478.9935
17464,545,9,21.2972
17466,465,20,18.8548
17468,401,4,-5.2654
17469,51,77,31.9874
17470,25,101,100.774
17472,148,223,422.1462
17475,466,12,14.9037
17480,460,30,129.7405
17481,390,80,44.8863
17483,33,26,97.9847
17486,129,23,108.5137
17489,59,42,10.5769
17490,21,62,261.8713
17491,25,81,594.9426
17492,108,23,-9.261
17495,394,25,61.2341
17496,16,18,257.4769
17498,462,16,-6.7186
17499,676,39,50.1642
17500,404,2,-2302.6941
17501,63,17,72.7128
17502,396,26,61.9356
17503,389,37,1840.5264
17504,53,224,1098.105
17505,49,52,264.6002
17506,457,16,29.8933
17507,109,124,250.7958
17509,444,357,-69.8269
17510,411,20,23.3123
17511,17,1211,34148.3062
17512,76,114,280.9441
17513,459,6,-2.4632
17514,515,38,-202.1703
17515,60,126,229.9744
17516,87,148,307.7385
17517,160,21,5.7344
17519,18,73,608.4276
17521,411,23,7.3685
17522,24,116,579.8022
17523,398,9,-9.5969
17524,19,12,-193.032
17525,17,18,69.0918
17526,18,15,715.4933
17527,138,41,920.5782
17528,388,243,185.7757
17530,23,463,738.9603
17535,667,13,16.5903
17536,65,4,-5.8036
17537,145,57,177.4695
17538,412,8,-7.2537
17540,182,13,111.1691
17542,113,47,30.9039
17545,430,136,312.7193
17547,759,2,0.8909
17548,167,16,32.8535
17549,410,6,23.4165
17550,85,40,114.2705
17551,17,73,368.8608
17552,447,47,811.6502
17553,516,2,0.5915
17554,403,75,234.6007
17555,177,41,479.4717
17556,129,12,-148.618
17557,401,32,261.8308
17560,45,43,-121.8169
17562,18,75,224.7418
17564,431,12,-45.4606
17566,395,122,195.727
17567,76,160,1965.8352
17569,174,41,80.4355
17571,140,285,565.9492
17572,59,1257,5266.4197
17573,416,24,55.2648
17574,98,8,65.7021
17576,19,408,1406.2218
17578,102,10,13.79
17579,36,48,550.0796
17580,16,85,69.121
17581,9,408,19211.8308
17582,94,53,68.018
17584,394,34,249.8191
17585,13,325,12630.0655
17588,52,31,45.2657
17589,84,189,401.5185
17590,389,186,679.0826
17591,25,235,1177.0083
17593,7,294,4049.5079
17594,99,62,648.1625
17595,399,75,102.6179
17596,98,260,371.1636
17597,60,49,72.3595
17600,404,12,40.5876
17601,89,16,56.1082
17602,166,512,776.869
17603,437,12,3295.3227
17604,87,117,18.9131
17608,420,52,127.3983
17609,154,258,927.8346
17611,14,728,4709.305
17612,56,128,455.8695
17613,24,425,5866.0679
17614,444,93,120.1157
17615,55,20,927.5414
17616,76,4,387.5472
17618,20,62,735.4081
17619,153,134,158.9346
17620,446,3,-6.3154
17621,12,34,345.5197
17623,419,32,13.4054
17624,67,73,78.9274
17625,98,367,832.7235
17628,468,5,5.5628
17629,17,155,240.0374
17630,26,46,165.6871
17631,96,53,3740.7478
17633,17,71,138.609
17634,56,357,1874.7886
17636,395,4,7.4261
17637,418,10,84.7333
17639,131,9,2.6579
17640,473,5,90.2179
17642,23,62,223.9707
17643,11,889,33637.4142
17644,51,135,433.2638
17646,23,62,3517.1974
17647,452,7,25.7122
17648,90,113,1082.9007
17649,525,51,66.356
17650,408,7,22.558
17651,20,232,407.3758
17652,16,280,463.6559
17653,423,40,271.218
17654,664,21,92.1707
17655,16,110,2065.6382
17656,515,18,80.1005
17658,86,27,-35.5989
17659,11,494,8330.8634
17660,528,36,55.1615
17663,108,67,404.5546
17664,54,62,157.0213
17666,390,5,20.7215
17667,54,156,729.5853
17668,388,12,24.2672
17669,32,106,207.8407
17670,99,19,173.2595
17671,23,73,863.4057
17672,157,143,805.8452
17673,109,249,674.9932
17674,461,27,6.581
17675,22,764,3275.8672
17676,24,87,59.8322
17677,16,371,-351.5244
17678,109,30,67.3029
17679,472,25,278.2243
17680,410,11,30.1025
17682,94,71,442.007
17684,430,14,15.4029
17685,18,156,4092.8691
17686,143,245,498.6567
17690,9,1090,4257.5395
17691,16,27,-61.4958
17692,17,81,2773.8726
17693,524,16,27.4696
17694,528,15,154.1718
17695,13,52,42.3086
17696,22,128,324.0883
17697,87,33,-96.391
17698,175,15,712.2339
17700,23,131,386.1536
17701,95,43,259.8774
17702,7,64,351.6157
17703,496,35,12.0182
17704,18,56,103.2474
17705,56,92,71.2714
17706,24,268,1116.7706
17707,320,4,5.1829
17708,173,23,40.7946
17709,22,12,15117.1896
17711,397,22,-38.0341
17712,431,27,64.18
17714,188,20,228.7167
17715,587,1,-0.4213
17716,23,360,2005.7858
17718,98,9,12.2293
17719,35,249,1654.7552
17720,25,61,28.735
17722,18,116,982.6153
17723,80,11,-30.7933
17724,444,32,83.6198
17725,22,227,176.3443
17727,396,64,245.4704
17728,390,53,92.5508
17730,35,229,1643.8445
17731,29,97,368.9722
17732,19,1512,17271.7755
17733,159,33,21.6617
17734,106,40,208.4735
17735,13,771,1590.7334
17736,396,24,1.0852
17737,396,10,30.2919
17738,530,35,101.8686
17739,18,46,302.2113
17742,215,22,220.1881
17744,16,191,-226.2341
17746,151,12,28.3925
17747,499,1,2.8525
17749,27,62,731.7072
17750,9,201,2076.0962
17752,17,2,-1.336
17754,107,89,426.8731
17757,4,1813,13282.0291
17758,50,366,3475.8695
17759,12,95,476.3818
17760,23,839,2456.8309
17761,419,16,14.0209
17763,275,2,0.0955
17764,56,84,299.1346
17765,53,87,135.9418
17768,19,113,1205.124
17769,19,367,878.8769
17770,150,25,409.1389
17771,169,73,1113.4378
17772,397,46,27.216
17774,96,177,619.6686
17775,108,6,3.6966
17777,487,61,-60.1319
17779,408,17,36.2113
17781,153,10,49.9871
17783,93,94,97.1553
17786,158,81,282.2248
17787,162,140,687.0824
17788,460,3,-97.363
17790,15,224,996.2929
17793,412,47,498.1877
17795,25,56,22.8491
17796,164,94,693.9395
17797,25,149,-111.8596
17799,12,587,2919.5464
17800,84,113,506.6695
17802,15,1135,30800.3451
17806,398,42,-10.04
17809,60,1240,15340.7326
17811,39,787,4941.3308
17812,399,58,12.7742
17813,401,326,-330.1918
17816,23,26,-25.3081
17817,391,31,1044.6991
17819,6,2331,17639.6905
17820,17,2,2.2757
17824,438,13,6.0942
17827,22,294,1675.0229
17828,22,71,-286.4128
17829,142,55,139.3237
17830,112,23,117.3967
17831,420,2,2.061
17832,436,59,58.3269
17835,389,36,-1564.3165
17836,434,22,12.9923
17837,429,145,363.9685
17838,23,87,3983.8988
17839,429,49,-33.5316
17841,6,8511,59082.2724
17843,145,33,200.4162
17848,16,91,300.0648
17849,133,44,32.9581
17850,11,1628,73499.7961
17852,398,23,74.3344
17854,83,25,63.6111
17855,759,16,278.0636
17856,189,16,906.7096
17857,16,61,16130.2238
17858,17,153,256.9742
17859,154,40,74.9327
17860,755,48,456.2836
17861,95,205,-36.2287
17862,166,18,921.5534
17863,103,188,-467.985
17864,116,105,32.3677
17865,15,407,921.7428
17866,529,9,-23.4587
17867,417,59,-625.6359
17869,92,33,291.2103
17870,24,177,111.5325
17871,46,20,217.1732
17873,57,1268,6459.0867
17874,68,75,2017.3778
17877,20,24,615.0868
17878,430,25,49.0154
17879,61,11,378.3809
17880,22,47,-67.4253
17881,203,8,108.8592
17883,93,149,622.0573
17884,152,102,-12.5313
17885,399,47,39.6975
17886,51,142,48.637
17887,516,10,9.5134
17888,15,86,103.7228
17889,56,35,340.6142
17890,19,174,644.588
17891,549,33,-203.1361
17892,443,23,-2.6203
17893,75,15,29.2925
17894,10,282,670.4778
17895,431,15,4.849
17896,410,2,-40.8896
17897,19,2213,14863.2825
17898,64,26,-37.6085
17899,546,28,133.3855
17900,551,11,72.6852
17901,416,18,-48.9221
17904,408,32,57.8074
17905,10,15,85.2739
17906,95,23,49.634
17911,396,38,4.3584
17912,17,70,410.9153
17913,13,54,35.2266
17914,390,69,1.6883
17917,20,117,146.0393
17920,86,567,2510.8929
17921,122,174,493.4978
17924,15,2020,21211.9833
17925,759,1,2.7858
17926,56,30,244.7123
17928,91,40,190.773
17929,171,7,2436.3106
17930,128,44,67.087
17931,100,105,605.7366
17932,14,144,1727.3392
17934,438,20,81.7729
17935,525,27,10.2803
17937,19,44,1282.102
17939,546,12,6.0326
17940,61,22,-1495.4665
17941,517,2,37.2716
17942,394,2,0.877
17946,84,36,-816.8484
17947,424,9,6.3948
17948,534,1,0.9023
17949,57,52,24786.434
17950,23,105,220.0578
17951,9,1754,25338.8966
17954,25,544,91.6296
17955,69,33,562.1721
17956,133,2,49.7452
17958,503,6,6.2745
17960,13,52,-32.6418
17961,11,341,2810.4827
17962,529,33,72.2601
17964,67,1102,7998.5212
17965,19,358,3076.6288
17966,102,65,16.0592
17967,758,40,25.1617
17968,9,1675,14606.7596
17969,19,26,-80.9432
17970,52,51,-137.4937
17972,83,54,831.7759
17973,438,15,53.9613
17974,60,66,130.005
17975,18,305,1535.0747
17976,759,53,348.6013
17977,416,19,176.5638
17978,23,22,0.0271
17979,17,168,573.4464
17980,17,58,-357.8017
17984,532,45,19.204
17985,409,19,187.9168
17986,443,1,7.1441
17987,572,13,3.4045
17988,170,44,39.7678
17990,11,47,-406.9609
17991,69,6,213.3307
17994,167,53,193.7115
17997,14,150,50.8807
17999,24,118,3157.4668
18001,399,53,780.7366
18004,20,30,-5.9727
18005,390,50,37.8015
18006,410,21,205.9002
18008,127,42,-1433.4118
18009,84,30,152.8248
18010,97,28,228.2994
18013,542,29,1.6953
18014,415,27,26.1424
18015,391,43,62.5552
18016,22,135,836.1839
18017,51,5,1403.9812
18018,495,26,314.858
18019,438,4,10.2894
18024,539,1,1.0132
18027,485,19,41.9436
18030,391,8,20.7571
18032,184,5,-31.6744
18033,452,31,12.989
18034,408,106,144.6004
18035,430,23,50.0915
18036,87,128,-51.4346
18037,20,19,45.3875
18040,106,24,133.9298
18041,23,511,-320.7941
18042,440,7,120.6951
18043,24,135,70403.2887
18044,18,136,810.7189
18045,432,43,212.3283
18048,590,7,-181.1359
18050,17,10,22.5184
18053,457,20,-16.9498
18055,16,330,6014.4504
18056,675,19,93.8735
18059,410,18,0.6171
18061,24,58,16931.042
18062,21,38,111.578
18064,108,6,34.5622
18065,22,184,680.3052
18066,462,6,-1.5194
18068,676,1,22.6297
18069,24,352,1056.6217
18071,23,48,319.4174
18072,542,30,-21.2211
18073,21,86,305.504
18074,17,1887,11830.552
18075,16,152,1184.341
18077,13,269,741.9589
18078,83,55,293.4448
18079,86,102,3249.0237
18080,256,1,3.3941
18081,423,17,50.2206
18082,412,60,116.6512
18084,403,1,-22.9628
18085,13,802,9997.4026
18086,142,14,12.9704
18088,448,33,66.7429
18092,10,104,4909.3133
18093,161,40,-426.5683
18094,88,75,288.6618
18095,164,36,-19.9452
18096,398,170,1616.6019
18097,12,131,-581.4214
18099,514,19,9.9469
18101,398,21,-279.5463
18102,23,452,59473.41
18104,424,36,180.7124
18105,424,18,18.3432
18106,181,50,768.2071
18108,99,36,90.08
18109,20,539,5083.8005
18112,40,37,434.6964
18113,755,1,0.1201
18114,677,28,54.3903
18116,9,593,2895.48
18117,412,67,56.8781
18118,9,1499,38915.2938
18119,25,24,165.1995
18120,75,17,-8.3553
18121,536,2,0.4911
18122,395,288,467.1155
18123,418,13,-20.1595
18125,157,250,496.2611
18126,447,51,74.1058
18127,520,6,18.8568
18129,85,13,17.3627
18130,415,51,108.585
18133,211,2,713.1458
18135,416,14,104.827
18136,65,69,145.597
18138,682,7,-127.3222
18139,404,155,95.1557
18141,18,1,1.6303
18142,79,27,129.8856
18143,503,58,87.0697
18144,11,2268,37510.9344
18145,58,206,870.3535
18146,77,14,118.972
18147,432,7,5.092
18149,75,28,130.3356
18150,419,37,21.0191
18151,521,37,111.4237
18154,390,20,64.3163
18155,29,29,122.3636
18156,399,113,245.5903
18158,396,34,79.0036
18159,143,41,314.2908
18160,444,38,33.1398
18161,97,92,295.8257
18164,424,23,26.2008
18165,34,20,-17.878
18167,410,28,339.8486
18168,17,224,3675.8205
18169,447,8,10.533
18170,115,45,210.8986
18171,80,50,342.2585
18172,57,184,-2413.2613
18173,79,42,151.5947
18174,394,1,16.246
18176,11,60,44.1871
18177,66,115,551.7909
18178,22,157,920.0256
18179,95,86,-164.809
18180,467,54,155.128
18181,411,37,61.3755
18183,77,72,682.2324
18184,402,1,-0.2992
18185,104,28,154.3392
18188,402,68,214.8271
18189,128,100,466.3399
18190,174,23,93.6094
18191,190,6,59.3262
18192,458,43,-706.1113
18193,13,31,377.5681
18194,451,8,39.6943
18196,482,135,1227.7651
18198,45,209,226.0722
18202,156,43,354.3013
18203,544,16,10.4778
18204,458,178,234.2589
18205,423,31,140.793
18209,415,7,-5.569
18210,184,97,118.0671
18211,412,41,29.8728
18212,171,28,286.3735
18213,90,28,92.3632
18215,476,13,-6.5431
18216,418,22,77.8263
18217,416,30,258.7589
18218,58,9,404.2338
18219,18,144,1338.3572
18220,121,6,-7.065
18221,41,87,138.0658
18222,479,17,13.1952
18223,16,214,9847.8231
18224,143,20,130.6404
18225,23,347,689.0611
18226,68,278,438.5083
18227,78,10,70.3677
18228,437,12,36.1452
18229,24,185,2071.5542
18230,49,118,519.3094
18231,78,151,1044.9085
18232,468,33,62.9118
18233,322,1,17611.0673
18235,59,124,999.842
18236,89,42,271.1005
18237,389,59,-5.9945
18239,60,127,526.6354
18241,40,107,2862.981
18242,57,73,66.3122
18245,13,232,760.3704
18246,157,6,11.5576
18248,500,48,75.4992
18249,404,8,-6.9747
18250,155,40,124.2097
18252,117,91,170.502
18255,476,6,8.9279
18256,12,3,1.1442
18257,11,76,216.6005
18259,24,32,5022.3846
18260,16,148,-11959.1322
18261,430,6,17.845
18262,527,13,-2.0723
18263,100,75,4.3309
18265,459,44,52.9624
18269,24,13,509.4018
18270,108,15,52.3586
18272,67,194,401.0896
18273,155,3,0.5866
18274,404,5,3.394
18276,408,15,54.7572
18277,445,9,4.3356
18280,664,8,11.7771
18281,49,6,47.5496
18282,394,4,-7.0886
18283,12,875,1908.3181
18287,429,67,338.7091
