CustomerID,Recency,Frequency,Loss,R_Log,F_Log,L_Log,R_Norm,F_Norm,L_Norm,Score
12346,236,2,104578.8835,5.4638,0.6931,11.5577,3.0933,1.8212,1,2.6295
12350,152,33,10.4467,5.0239,3.4965,2.3463,3.8816,5.1426,5.9481,4.3405
12356,96,50,82.6498,4.5643,3.912,4.4146,4.7051,5.6349,4.8371,4.9042
12361,674,10,9.023,6.5132,2.3026,2.1998,1.2128,3.728,6.0268,2.1973
12367,391,10,8.3879,5.9687,2.3026,2.1268,2.1886,3.728,6.066,2.8842
12373,158,25,65.3347,5.0626,3.2189,4.1795,3.8122,4.8136,4.9633,4.1276
12374,412,29,31.515,6.021,3.3673,3.4505,2.0948,4.9895,5.355,2.9998
12379,18,57,159.8709,2.8904,4.0431,5.0744,7.7047,5.7901,4.4827,6.9996
12391,408,91,2472.1646,6.0113,4.5109,7.8128,2.1123,6.3443,3.0116,3.0486
12407,80,88,120.0343,4.382,4.4773,4.7878,5.0318,6.3046,4.6366,5.2468
12410,149,44,601.6141,5.0039,3.7842,6.3996,3.9173,5.4834,3.7708,4.2159
12450,35,14,113.3252,3.5553,2.6391,4.7303,6.5131,4.1267,4.6675,5.8513
12479,390,30,15.2753,5.9661,3.4012,2.7262,2.1932,5.0296,5.744,3.1155
12504,405,7,25.5976,6.0039,1.9459,3.2425,2.1255,3.3055,5.4667,2.6956
12513,499,34,7.7467,6.2126,3.5264,2.0473,1.7515,5.1779,6.1087,2.8725
12514,109,89,39.2049,4.6913,4.4886,3.6688,4.4775,6.318,5.2377,4.9216
12516,31,24,131.5362,3.434,3.1781,4.8793,6.7306,4.7653,4.5875,6.1232
12522,426,10,14.2775,6.0544,2.3026,2.6587,2.0349,3.728,5.7803,2.7481
12526,440,54,53.1931,6.0868,3.989,3.9739,1.977,5.726,5.0738,3.0365
12538,416,19,7.1445,6.0307,2.9444,1.9663,2.0775,4.4885,6.1522,2.9672
12547,584,6,1.0126,6.3699,1.7918,0.0125,1.4697,3.1228,7.2017,2.3735
12553,51,219,513.0659,3.9318,5.3891,6.2404,5.8385,7.3848,3.8563,5.9495
12560,499,1,14.8697,6.2126,0,2.6993,1.7515,1,5.7585,2.0019
12561,172,15,72.6106,5.1475,2.7081,4.2851,3.6601,4.2084,4.9066,3.8944
12565,675,9,0.9126,6.5147,2.1972,-0.0915,1.2102,3.6032,7.2576,2.2935
12566,473,19,17.2532,6.1591,2.9444,2.848,1.8474,4.4885,5.6786,2.7587
12571,508,12,30.7278,6.2305,2.4849,3.4252,1.7195,3.9441,5.3686,2.5293
12576,72,81,63.2524,4.2767,4.3944,4.1471,5.2206,6.2064,4.9807,5.3937
12577,17,129,32.9014,2.8332,4.8598,3.4935,7.8071,6.7578,5.3318,7.3497
12582,79,30,52.0213,4.3694,3.4012,3.9517,5.0543,5.0296,5.0857,5.0525
12593,62,30,75.3587,4.1271,3.4012,4.3223,5.4885,5.0296,4.8867,5.3366
12600,15,68,283.1857,2.7081,4.2195,5.6461,8.0314,5.9992,4.1755,7.2394
12604,107,16,149.8283,4.6728,2.7726,5.0095,4.5107,4.2849,4.5175,4.4662
12610,409,33,382.9861,6.0137,3.4965,5.948,2.1079,5.1426,4.0134,2.9054
12615,15,130,229.8959,2.7081,4.8675,5.4376,8.0314,6.7669,4.2875,7.4041
12619,84,85,453.3257,4.4308,4.4427,6.1166,4.9443,6.2635,3.9228,5.106
12624,36,34,72.1265,3.5835,3.5264,4.2784,6.4626,5.1779,4.9102,6.0504
12642,412,43,36.3491,6.021,3.7612,3.5932,2.0948,5.4562,5.2783,3.0854
12645,69,106,32.9855,4.2341,4.6634,3.4961,5.2968,6.5251,5.3305,5.5458
12653,535,42,34.5179,6.2823,3.7377,3.5415,1.6267,5.4283,5.3061,2.755
12660,398,13,5.4936,5.9865,2.5649,1.7036,2.1568,4.0389,6.2933,2.9468
12667,445,30,29.82,6.0981,3.4012,3.3952,1.9568,5.0296,5.3847,2.9141
12672,184,17,176.3663,5.2149,2.8332,5.1726,3.5393,4.3567,4.4299,3.7918
12673,176,39,82.3536,5.1705,3.6636,4.411,3.6189,5.3405,4.839,4.0852
12678,11,138,367.3527,2.3979,4.9273,5.9063,8.5872,6.8377,4.0358,7.7821
12680,476,26,21.3157,6.1654,3.2581,3.0594,1.8361,4.8601,5.565,2.8138
12686,758,6,113.0218,6.6307,1.7918,4.7276,1.0024,3.1228,4.6689,1.7931
12694,29,49,294.2106,3.3673,3.8918,5.6843,6.8501,5.6109,4.155,6.3327
12703,451,21,13.0448,6.1115,3.0445,2.5684,1.9328,4.6071,5.8288,2.8572
12717,96,82,58.5357,4.5643,4.4067,4.0696,4.7051,6.221,5.0224,5.04
12726,15,128,339.0664,2.7081,4.852,5.8262,8.0314,6.7486,4.0788,7.3796
12729,500,23,25.825,6.2146,3.1355,3.2513,1.7479,4.7148,5.4619,2.7127
12735,160,60,18.2419,5.0752,4.0943,2.9037,3.7897,5.8509,5.6487,4.3878
12744,92,302,906.7232,4.5218,5.7104,6.8098,4.7813,7.7656,3.5504,5.2551
12753,20,261,4094.4374,2.9957,5.5645,8.3174,7.5159,7.5927,2.7406,7.0537
12754,108,112,775.8834,4.6821,4.7185,6.654,4.494,6.5903,3.6341,4.8273
12762,394,66,99.3522,5.9764,4.1897,4.5987,2.1749,5.9638,4.7382,3.189
12770,63,23,77.2677,4.1431,3.1355,4.3473,5.4598,4.7148,4.8732,5.2522
12778,48,59,7.8935,3.8712,4.0775,2.066,5.9471,5.831,6.0986,5.939
12789,452,4,0.2197,6.1137,1.3863,-1.5156,1.9288,2.6424,8.0226,2.6809
12797,18,31,58.3002,2.8904,3.434,4.0656,7.7047,5.0685,5.0245,6.9094
12798,63,13,5081.4188,4.1431,2.5649,8.5333,5.4598,4.0389,2.6246,4.8921
12814,488,1,18.5803,6.1903,0,2.9221,1.7915,1,5.6388,2.0179
12818,149,15,383.636,5.0039,2.7081,5.9497,3.9173,4.2084,4.0125,3.9851
12828,389,40,373.2601,5.9636,3.6889,5.9223,2.1978,5.3705,4.0272,3.0152
12829,18,16,27.9431,2.8904,2.7726,3.3302,7.7047,4.2849,5.4196,6.7922
12830,15,35,4129.8199,2.7081,3.5553,8.326,8.0314,5.2123,2.736,6.938
12845,126,31,46.6593,4.8363,3.434,3.8429,4.2178,5.0685,5.1442,4.4806
12855,759,3,91.0786,6.632,1.0986,4.5117,1,2.3016,4.7849,1.6388
12864,525,3,4.3983,6.2634,1.0986,1.4812,1.6605,2.3016,6.4128,2.264
12875,20,1,0.0473,2.9957,0,-3.0506,7.5159,1,8.8471,6.3458
12901,23,138,10603.6091,3.1355,4.9273,9.2689,7.2654,6.8377,2.2294,6.6763
12906,398,62,84.2753,5.9865,4.1271,4.4341,2.1568,5.8897,4.8266,3.1703
12908,171,5,4.0463,5.1417,1.6094,1.3978,3.6706,2.9068,6.4576,3.7965
12919,23,59,59.6452,3.1355,4.0775,4.0884,7.2654,5.831,5.0123,6.7532
12931,15,67,1267.8744,2.7081,4.2047,7.1451,8.0314,5.9816,3.3703,7.1553
12966,396,10,40.382,5.9814,2.3026,3.6984,2.1658,3.728,5.2218,2.7838
12987,584,14,1.5777,6.3699,2.6391,0.4559,1.4697,4.1267,6.9635,2.5505
13008,18,29,90.8254,2.8904,3.3673,4.5089,7.7047,4.9895,4.7864,6.8698
13026,120,33,10.144,4.7875,3.4965,2.3169,4.3052,5.1426,5.9639,4.6385
13032,425,71,36.2496,6.0521,4.2627,3.5904,2.0392,6.0503,5.2798,3.1654
13043,115,21,292.2768,4.7449,3.0445,5.6777,4.3815,4.6071,4.1586,4.4043
13048,84,189,96.3804,4.4308,5.2417,4.5683,4.9443,7.2103,4.7545,5.3785
13062,578,11,8.0247,6.3596,2.3979,2.0825,1.4882,3.841,6.0898,2.4189
13094,61,31,893.832,4.1109,3.434,6.7955,5.5176,5.0685,3.5581,5.2319
13095,457,6,7.9819,6.1247,1.7918,2.0772,1.9091,3.1228,6.0927,2.5702
13101,75,16,15.4721,4.3175,2.7726,2.739,5.1474,4.2849,5.7371,5.0339
13104,146,21,38.9131,4.9836,3.0445,3.6613,3.9538,4.6071,5.2417,4.2132
13107,38,92,556.7044,3.6376,4.5218,6.322,6.3657,6.3573,3.8124,6.1087
13127,464,13,0.3515,6.1399,2.5649,-1.0454,1.8818,4.0389,7.77,2.9021
13130,481,2,1925.3029,6.1759,0.6931,7.5628,1.8174,1.8212,3.1459,1.951
13136,55,120,69.2704,4.0073,4.7875,4.238,5.7032,6.6721,4.9319,5.8198
13157,95,112,220.5569,4.5539,4.7185,5.3962,4.7238,6.5903,4.3098,5.0557
13159,395,41,4.5343,5.9789,3.7136,1.5117,2.1703,5.3997,6.3964,3.2388
13160,409,4,5.7732,6.0137,1.3863,1.7532,2.1079,2.6424,6.2667,2.6307
13171,145,65,3.1031,4.9767,4.1744,1.1324,3.9661,5.9457,6.6002,4.6254
13183,53,89,257.9167,3.9703,4.4886,5.5526,5.7696,6.318,4.2257,5.7249
13189,405,11,1.693,6.0039,2.3979,0.5265,2.1255,3.841,6.9256,2.9486
13261,209,10,10.7683,5.3423,2.3026,2.3766,3.311,3.728,5.9318,3.6565
13263,8,1991,2566.4865,2.0794,7.5964,7.8503,9.1578,10,2.9915,8.7096
13268,10,652,9.8002,2.3026,6.48,2.2824,8.7579,8.6774,5.9824,8.4643
13271,424,75,22.8421,6.0497,4.3175,3.1286,2.0434,6.1152,5.5279,3.2062
13273,500,15,38.7305,6.2146,2.7081,3.6566,1.7479,4.2084,5.2442,2.5897
13277,402,8,6.9658,5.9965,2.0794,1.941,2.1389,3.4637,6.1658,2.8065
13299,123,9,15.6399,4.8122,2.1972,2.7498,4.261,3.6032,5.7313,4.2764
13318,424,12,61.9188,6.0497,2.4849,4.1258,2.0434,3.9441,4.9922,2.7184
13322,404,25,41.4524,6.0014,3.2189,3.7245,2.13,4.8136,5.2077,2.9745
13324,18,76,2513.3806,2.8904,4.3307,7.8294,7.7047,6.1309,3.0027,6.9197
13329,24,19,247.099,3.1781,2.9444,5.5098,7.1892,4.4885,4.2488,6.355
13332,401,21,8.0217,5.994,3.0445,2.0822,2.1433,4.6071,6.09,3.0307
13341,103,40,291.6634,4.6347,3.6889,5.6756,4.5789,5.3705,4.1597,4.6953
13344,454,113,728.759,6.1181,4.7274,6.5913,1.9209,6.6009,3.6678,3.0316
13350,403,37,764.0478,5.9989,3.6109,6.6386,2.1344,5.2781,3.6424,2.9139
13352,394,1,0.2504,5.9764,0,-1.3847,2.1749,1,7.9523,2.5176
13355,509,31,59.287,6.2324,3.434,4.0824,1.716,5.0685,5.0155,2.7164
13362,96,197,2377.6871,4.5643,5.2832,7.7739,4.7051,7.2594,3.0326,5.0487
13363,404,57,8.4219,6.0014,4.0431,2.1308,2.13,5.7901,6.0638,3.2554
13366,437,1,0.6925,6.0799,0,-0.3674,1.9893,1,7.4058,2.3331
13373,447,151,448.3231,6.1026,5.0173,6.1055,1.9487,6.9443,3.9288,3.1458
13391,175,2,16.6816,5.1648,0.6931,2.8143,3.6291,1.8212,5.6967,3.4743
13403,404,3,8.9683,6.0014,1.0986,2.1937,2.13,2.3016,6.0301,2.5543
13404,58,18,164.3059,4.0604,2.8904,5.1017,5.608,4.4244,4.468,5.2573
13414,520,23,55.7952,6.2538,3.1355,4.0217,1.6777,4.7148,5.0481,2.6221
13417,76,20,192.1851,4.3307,2.9957,5.2585,5.1237,4.5493,4.3838,4.9348
13418,12,437,395.5382,2.4849,6.0799,5.9802,8.4312,8.2033,3.996,7.9421
13425,15,99,641.5396,2.7081,4.5951,6.4639,8.0314,6.4442,3.7363,7.2844
13429,397,53,66.496,5.9839,3.9703,4.1971,2.1613,5.7039,4.9539,3.1491
13436,388,11,4.0678,5.961,2.3979,1.4031,2.2024,3.841,6.4548,2.9553
13449,410,19,0.0552,6.0162,2.9444,-2.8964,2.1035,4.4885,8.7643,3.2466
13470,486,3,6.7146,6.1862,1.0986,1.9043,1.7988,2.3016,6.1855,2.3381
13488,25,514,2145.7303,3.2189,6.2422,7.6712,7.116,8.3956,3.0877,6.9691
13489,492,14,27.328,6.1985,2.6391,3.3079,1.7768,4.1267,5.4315,2.6123
13492,58,61,1.9116,4.0604,4.1109,0.6479,5.608,5.8705,6.8604,5.7857
13493,118,9,277.7976,4.7707,2.1972,5.6269,4.3353,3.6032,4.1859,4.174
13502,127,25,17.7354,4.8442,3.2189,2.8756,4.2036,4.8136,5.6638,4.4716
13503,458,16,6.3146,6.1269,2.7726,1.8429,1.9052,4.2849,6.2185,2.8124
13506,166,35,84.1673,5.112,3.5553,4.4328,3.7237,5.2123,4.8273,4.1318
13509,99,57,17.876,4.5951,4.0431,2.8835,4.6499,5.7901,5.6596,4.9789
13512,106,14,17.539,4.6634,2.6391,2.8644,4.5275,4.1267,5.6698,4.5616
13520,108,101,72.4857,4.6821,4.6151,4.2834,4.494,6.4679,4.9075,4.9301
13560,394,32,105.0371,5.9764,3.4657,4.6543,2.1749,5.1061,4.7083,3.0145
13564,12,72,194.7422,2.4849,4.2767,5.2717,8.4312,6.0669,4.3767,7.5529
13565,207,13,63.6538,5.3327,2.5649,4.1535,3.3282,4.0389,4.9773,3.6353
13575,32,50,159.725,3.4657,3.912,5.0735,6.6737,5.6349,4.4831,6.2469
13588,111,176,9.7689,4.7095,5.1705,2.2792,4.4449,7.1258,5.9841,5.135
13592,77,23,0.3361,4.3438,3.1355,-1.0904,5.1002,4.7148,7.7942,5.2926
13600,159,35,34.3337,5.0689,3.5553,3.5361,3.8009,5.2123,5.309,4.234
13603,413,26,32.4774,6.0234,3.2581,3.4805,2.0905,4.8601,5.3388,2.9692
13606,95,39,28.0766,4.5539,3.6636,3.3349,4.7238,5.3405,5.417,4.9165
13611,12,97,34.0393,2.4849,4.5747,3.5275,8.4312,6.42,5.3136,7.7172
13617,35,38,53.7118,3.5553,3.6376,3.9836,6.5131,5.3097,5.0686,6.128
13621,503,18,12.0241,6.2206,2.8904,2.4869,1.7372,4.4244,5.8726,2.6882
13631,49,14,1282.2982,3.8918,2.6391,7.1564,5.9102,4.1267,3.3642,5.2989
13638,402,8,3.3228,5.9965,2.0794,1.2008,2.1389,3.4637,6.5634,2.8463
13645,507,5,50.8752,6.2285,1.6094,3.9294,1.723,2.9068,5.0977,2.2972
13656,22,95,909.1627,3.091,4.5539,6.8125,7.3451,6.3953,3.549,6.7755
13670,462,25,9.8584,6.1356,3.2189,2.2883,1.8896,4.8136,5.9792,2.8834
13675,538,24,70.6379,6.2879,3.1781,4.2576,1.6167,4.7653,4.9214,2.5769
13693,712,3,61.1013,6.5681,1.0986,4.1125,1.1145,2.3016,4.9993,1.7404
13697,425,12,8.9383,6.0521,2.4849,2.1903,2.0392,3.9441,6.0319,2.8194
13710,418,8,13.5437,6.0355,2.0794,2.6059,2.0689,3.4637,5.8086,2.7218
13711,67,24,14.9106,4.2047,3.1781,2.7021,5.3495,4.7653,5.757,5.2734
13717,15,129,39.136,2.7081,4.8598,3.667,8.0314,6.7578,5.2386,7.4974
13721,423,27,9.2887,6.0474,3.2958,2.2288,2.0476,4.9048,6.0112,3.0154
13723,66,10,152.0445,4.1897,2.3026,5.0242,5.3765,3.728,4.5096,4.9601
13727,415,18,0.937,6.0283,2.8904,-0.065,2.0818,4.4244,7.2434,3.0665
13744,482,18,11.9845,6.1779,2.8904,2.4836,1.8136,4.4244,5.8743,2.7419
13745,538,26,44.877,6.2879,3.2581,3.8039,1.6167,4.8601,5.1651,2.6202
13754,158,17,46.6495,5.0626,2.8332,3.8427,3.8122,4.3567,5.1443,4.0543
13761,22,67,35.4729,3.091,4.2047,3.5688,7.3451,5.9816,5.2914,6.867
13762,65,18,106.8847,4.1744,2.8904,4.6718,5.4038,4.4244,4.6989,5.1375
13771,95,143,109.089,4.5539,4.9628,4.6922,4.7238,6.8798,4.688,5.1514
13784,90,39,5.356,4.4998,3.6636,1.6782,4.8207,5.3405,6.307,5.0733
13787,22,31,248.5234,3.091,3.434,5.5155,7.3451,5.0685,4.2457,6.5798
13790,391,45,41.2896,5.9687,3.8067,3.7206,2.1886,5.51,5.2099,3.155
13805,439,13,32.7834,6.0845,2.5649,3.4899,1.9811,4.0389,5.3338,2.7279
13806,450,8,2.4301,6.1092,2.0794,0.8879,1.9367,3.4637,6.7315,2.7216
13819,169,63,16.7901,5.1299,4.1431,2.8208,3.6916,5.9087,5.6932,4.3352
13841,114,2,0.0782,4.7362,0.6931,-2.5484,4.3971,1.8212,8.5774,4.3
13844,398,19,21.2168,5.9865,2.9444,3.0548,2.1568,4.4885,5.5675,2.9642
13858,444,10,21.4965,6.0958,2.3026,3.0679,1.9608,3.728,5.5605,2.6742
13877,473,3,9.9284,6.1591,1.0986,2.2954,1.8474,2.3016,5.9754,2.3511
13887,56,38,45.0912,4.0254,3.6376,3.8087,5.6709,5.3097,5.1625,5.5478
13889,479,14,33.2156,6.1717,2.6391,3.503,1.8248,4.1267,5.3267,2.6354
13894,203,37,16.4496,5.3132,3.6109,2.8003,3.3632,5.2781,5.7042,3.9803
13904,424,25,10.5035,6.0497,3.2189,2.3517,2.0434,4.8136,5.9452,2.9876
13922,9,13,93.7818,2.1972,2.5649,4.541,8.9467,4.0389,4.7692,7.5474
13930,444,15,35.2714,6.0958,2.7081,3.5631,1.9608,4.2084,5.2945,2.7437
13940,404,32,2926.9209,6.0014,3.4657,7.9817,2.13,5.1061,2.9209,2.8043
13941,17,46,2223.5871,2.8332,3.8286,7.7069,7.8071,5.5361,3.0685,6.879
13953,10,23,7.7786,2.3026,3.1355,2.0514,8.7579,4.7148,6.1065,7.6842
13967,532,2,14.9556,6.2766,0.6931,2.7051,1.6368,1.8212,5.7554,2.0855
13972,457,13,4.1457,6.1247,2.5649,1.4221,1.9091,4.0389,6.4446,2.7886
13978,401,13,10.6838,5.994,2.5649,2.3687,2.1433,4.0389,5.936,2.9017
13982,5,150,248.8628,1.6094,5.0106,5.5169,10,6.9365,4.2449,8.8118
13984,24,17,10.0007,3.1781,2.8332,2.3027,7.1892,4.3567,5.9715,6.5009
13992,417,4,9.3357,6.0331,1.3863,2.2339,2.0732,2.6424,6.0085,2.5806
13995,103,91,15.5331,4.6347,4.5109,2.743,4.5789,6.3443,5.735,5.0476
14006,99,47,30.1076,4.5951,3.8501,3.4048,4.6499,5.5616,5.3795,4.9052
14014,464,39,62.8062,6.1399,3.6636,4.1401,1.8818,5.3405,4.9845,2.8838
14019,433,60,10.676,6.0707,4.0943,2.368,2.0057,5.8509,5.9364,3.1678
14022,70,27,96.774,4.2485,3.2958,4.5724,5.271,4.9048,4.7523,5.1459
14023,96,45,54.1808,4.5643,3.8067,3.9923,4.7051,5.51,5.0639,4.9019
14036,671,36,559.9819,6.5088,3.5835,6.3279,1.2208,5.2457,3.8093,2.2846
14039,420,6,37.7735,6.0403,1.7918,3.6316,2.0604,3.1228,5.2577,2.5926
14053,546,2,1.9144,6.3026,0.6931,0.6494,1.5902,1.8212,6.8596,2.1634
14057,18,230,2208.946,2.8904,5.4381,7.7003,7.7047,7.4429,3.0721,7.1891
14059,108,16,40.9653,4.6821,2.7726,3.7127,4.494,4.2849,5.2141,4.5242
14060,17,250,1723.1656,2.8332,5.5215,7.4519,7.8071,7.5417,3.2055,7.2939
14073,419,13,11.1196,6.0379,2.5649,2.4087,2.0646,4.0389,5.9146,2.8445
14075,103,17,8.8624,4.6347,2.8332,2.1818,4.5789,4.3567,6.0365,4.6802
14080,419,4,2.9059,6.0379,1.3863,1.0667,2.0646,2.6424,6.6354,2.6373
14090,266,1,0.0481,5.5835,0,-3.0346,2.8788,1,8.8385,3.099
14101,134,22,1172.2542,4.8978,3.091,7.0667,4.1075,4.6622,3.4124,4.1489
14102,398,51,435.1615,5.9865,3.9318,6.0757,2.1568,5.6583,3.9448,3.0359
14113,12,33,237.2354,2.4849,3.4965,5.4691,8.4312,5.1426,4.2706,7.3574
14124,471,4,0.7785,6.1549,1.3863,-0.2504,1.855,2.6424,7.343,2.5613
14140,390,63,220.7971,5.9661,4.1431,5.3972,2.1932,5.9087,4.3092,3.1479
14155,116,12,799.051,4.7536,2.4849,6.6834,4.366,3.9441,3.6183,4.2068
14191,70,216,283.076,4.2485,5.3753,5.6457,5.271,7.3685,4.1757,5.581
14199,219,2,6.3727,5.3891,0.6931,1.852,3.2272,1.8212,6.2136,3.2447
14206,82,40,34.7576,4.4067,3.6889,3.5484,4.9875,5.3705,5.3024,5.0956
14208,481,10,7.2424,6.1759,2.3026,1.9799,1.8174,3.728,6.1449,2.6322
14219,391,7,3.3207,5.9687,1.9459,1.2002,2.1886,3.3055,6.5638,2.8495
14221,53,169,526.5317,3.9703,5.1299,6.2663,5.7696,7.0778,3.8424,5.8385
14222,18,81,10.5333,2.8904,4.3944,2.3545,7.7047,6.2064,5.9437,7.2289
14229,179,49,29.3297,5.1874,3.8918,3.3786,3.5886,5.6109,5.3936,4.1736
14286,83,226,231.6149,4.4188,5.4205,5.4451,4.9658,7.4221,4.2835,5.3888
14289,32,49,7.1888,3.4657,3.8918,1.9725,6.6737,5.6109,6.1489,6.4086
14297,116,72,155.926,4.7536,4.2767,5.0494,4.366,6.0669,4.4961,4.7191
14300,405,3,2.1719,6.0039,1.0986,0.7756,2.1255,2.3016,6.7918,2.6274
14301,504,13,42.6958,6.2226,2.5649,3.7541,1.7337,4.0389,5.1919,2.5405
14323,93,36,23.614,4.5326,3.5835,3.1618,4.7619,5.2457,5.51,4.9335
14332,409,12,11.3885,6.0137,2.4849,2.4326,2.1079,3.9441,5.9017,2.8545
14339,101,13,2.6842,4.6151,2.5649,0.9874,4.6141,4.0389,6.6781,4.7054
14342,86,25,76.7854,4.4543,3.2189,4.341,4.9022,4.8136,4.8766,4.8819
14351,72,2,0.5956,4.2767,0.6931,-0.5181,5.2206,1.8212,7.4868,4.7673
14356,447,22,10.1111,6.1026,3.091,2.3136,1.9487,4.6622,5.9656,2.8931
14371,682,3,5.0421,6.525,1.0986,1.6178,1.1917,2.3016,6.3394,1.9284
14382,413,119,16.5071,6.0234,4.7791,2.8038,2.0905,6.6622,5.7023,3.366
14385,396,13,32.118,5.9814,2.5649,3.4694,2.1658,4.0389,5.3448,2.8583
14389,395,55,50.5199,5.9789,4.0073,3.9224,2.1703,5.7478,5.1015,3.1789
14393,61,10,222.7493,4.1109,2.3026,5.406,5.5176,3.728,4.3045,5.0384
14397,22,79,75.5909,3.091,4.3694,4.3253,7.3451,6.1768,4.885,6.8654
14408,30,101,3924.7437,3.4012,4.6151,8.2751,6.7893,6.4679,2.7633,6.3224
14416,409,14,210.4059,6.0137,2.6391,5.349,2.1079,4.1267,4.3351,2.7344
14431,150,16,199.3822,5.0106,2.7726,5.2952,3.9053,4.2849,4.364,4.0271
14451,581,51,5.7347,6.3648,3.9318,1.7465,1.4789,5.6583,6.2703,2.7939
14457,184,8,147.4608,5.2149,2.0794,4.9936,3.5393,3.4637,4.5261,3.6228
14463,86,8,102.3549,4.4543,2.0794,4.6284,4.9022,3.4637,4.7222,4.5965
14465,87,225,162.1687,4.4659,5.4161,5.0886,4.8815,7.4168,4.475,5.3479
14466,157,54,261.3771,5.0562,3.989,5.566,3.8236,5.726,4.2186,4.2436
14484,437,14,21.1024,6.0799,2.6391,3.0494,1.9893,4.1267,5.5704,2.7749
14488,438,47,156.174,6.0822,3.8501,5.051,1.9852,5.5616,4.4952,2.9514
14494,412,7,6.0978,6.021,1.9459,1.8079,2.0948,3.3055,6.2373,2.7512
14501,38,21,45.1995,3.6376,3.0445,3.8111,6.3657,4.6071,5.1613,5.8936
14511,398,50,132.6444,5.9865,3.912,4.8877,2.1568,5.6349,4.5829,3.095
14518,451,16,6.8511,6.1115,2.7726,1.9244,1.9328,4.2849,6.1747,2.8274
14533,10,61,339.0516,2.3026,4.1109,5.8262,8.7579,5.8705,4.0788,7.7125
14544,19,97,1459.2317,2.9444,4.5747,7.2857,7.6078,6.42,3.2948,6.9389
14549,152,105,253.1903,5.0239,4.654,5.5341,3.8816,6.5139,4.2357,4.4435
14551,97,16,33.3121,4.5747,2.7726,3.5059,4.6865,4.2849,5.3252,4.67
14581,403,16,1.9102,5.9989,2.7726,0.6472,2.1344,4.2849,6.8608,3.0371
14582,427,6,9.3636,6.0568,1.7918,2.2368,2.0307,3.1228,6.0069,2.6468
14607,115,99,2069.5163,4.7449,4.5951,7.6351,4.3815,6.4442,3.1071,4.6666
14609,27,4,237.1131,3.2958,1.3863,5.4685,6.9781,2.6424,4.2709,5.8403
14631,76,52,230.0067,4.3307,3.9512,5.4381,5.1237,5.6813,4.2873,5.1516
14636,142,41,63.2611,4.9558,3.7136,4.1473,4.0036,5.3997,4.9807,4.3805
14642,445,2,0.5824,6.0981,0.6931,-0.5407,1.9568,1.8212,7.4989,2.4839
14653,182,169,263.51,5.204,5.1299,5.5741,3.5588,7.0778,4.2142,4.3282
14667,17,665,2388.6886,2.8332,6.4998,7.7785,7.8071,8.7008,3.0301,7.5081
14673,25,83,218.3883,3.2189,4.4188,5.3863,7.116,6.2353,4.3151,6.6598
14682,588,1,0.035,6.3767,0,-3.3519,1.4574,1,9.009,2.1211
14689,54,25,148.7842,3.989,3.2189,5.0025,5.7361,4.8136,4.5213,5.4301
14696,85,107,413.3472,4.4427,4.6728,6.0243,4.9231,6.5362,3.9724,5.1507
14716,430,46,71.1185,6.0638,3.8286,4.2643,2.0182,5.5361,4.9178,3.0117
14737,11,22,899.2387,2.3979,3.091,6.8015,8.5872,4.6622,3.5549,7.2989
14739,25,61,450.0861,3.2189,4.1109,6.1094,7.116,5.8705,3.9266,6.548
14748,70,108,516.1864,4.2485,4.6821,6.2465,5.271,6.5473,3.853,5.3845
14752,430,4,34.0266,6.0638,1.3863,3.5271,2.0182,2.6424,5.3138,2.4726
14758,60,92,1793.0637,4.0943,4.5218,7.4917,5.5473,6.3573,3.1841,5.473
14764,430,7,6.7951,6.0638,1.9459,1.9162,2.0182,3.3055,6.1791,2.6917
14784,227,18,159.0448,5.425,2.8904,5.0692,3.1629,4.4244,4.4854,3.5475
14789,415,6,1.7862,6.0283,1.7918,0.5801,2.0818,3.1228,6.8968,2.7715
14790,124,46,11.3717,4.8203,3.8286,2.4311,4.2464,5.5361,5.9025,4.67
14799,438,12,19.7703,6.0822,2.4849,2.9842,1.9852,3.9441,5.6054,2.739
14808,8,181,1264.1309,2.0794,5.1985,7.1421,9.1578,7.159,3.3719,8.1795
14816,584,4,315.4845,6.3699,1.3863,5.7541,1.4697,2.6424,4.1175,1.969
14851,100,42,4.806,4.6052,3.7377,1.5699,4.6319,5.4283,6.3652,4.9645
14861,439,5,6.6861,6.0845,1.6094,1.9,1.9811,2.9068,6.1878,2.5869
14868,89,164,465.1442,4.4886,5.0999,6.1423,4.8407,7.0422,3.909,5.1878
14873,69,51,61.8006,4.2341,3.9318,4.1239,5.2968,5.6583,4.9932,5.3388
14882,413,4,2.7706,6.0234,1.3863,1.0191,2.0905,2.6424,6.661,2.6579
14885,518,15,116.0566,6.25,2.7081,4.7541,1.6846,4.2084,4.6547,2.4863
14888,49,40,353.531,3.8918,3.6889,5.868,5.9102,5.3705,4.0564,5.6169
14896,23,81,15.0256,3.1355,4.3944,2.7098,7.2654,6.2064,5.7529,6.9024
14897,394,24,19.3884,5.9764,3.1781,2.9647,2.1749,4.7653,5.6159,3.0371
14904,389,69,153.5591,5.9636,4.2341,5.0341,2.1978,6.0165,4.5043,3.1921
14912,95,40,47.8112,4.5539,3.6889,3.8673,4.7238,5.3705,5.1311,4.8939
14947,459,12,3.0968,6.1291,2.4849,1.1304,1.9012,3.9441,6.6013,2.7798
14957,113,12,1.7921,4.7274,2.4849,0.5834,4.4129,3.9441,6.8951,4.5674
14959,58,74,162.7664,4.0604,4.3041,5.0923,5.608,6.0993,4.473,5.5928
15002,25,159,2522.2764,3.2189,5.0689,7.8329,7.116,7.0055,3.0008,6.6824
15007,546,12,10.1627,6.3026,2.4849,2.3187,1.5902,3.9441,5.9629,2.4983
15014,26,30,467.5546,3.2581,3.4012,6.1475,7.0457,5.0296,3.9062,6.3286
15035,476,26,7.9077,6.1654,3.2581,2.0678,1.8361,4.8601,6.0977,2.867
15057,160,27,326.8034,5.0752,3.2958,5.7894,3.7897,4.9048,4.0986,4.0436
15063,57,8,70.6702,4.0431,2.0794,4.258,5.6392,3.4637,4.9212,5.1323
15067,465,45,17.3987,6.142,3.8067,2.8564,1.878,5.51,5.6741,2.984
15071,123,36,170.3627,4.8122,3.5835,5.1379,4.261,5.2457,4.4485,4.4767
15088,408,55,28.9227,6.0113,4.0073,3.3646,2.1123,5.7478,5.4011,3.1683
15091,440,31,1.5129,6.0868,3.434,0.414,1.977,5.0685,6.9861,3.0962
15095,490,39,51.2613,6.1944,3.6636,3.9369,1.7841,5.3405,5.0937,2.8264
15096,429,11,7.7129,6.0615,2.3979,2.0429,2.0224,3.841,6.1111,2.795
15103,418,35,45.9063,6.0355,3.5553,3.8266,2.0689,5.2123,5.1529,3.006
15118,521,1,0.0735,6.2558,0,-2.6109,1.6742,1,8.611,2.233
15120,516,20,2.8027,6.2461,2.9957,1.0306,1.6915,4.5493,6.6549,2.7594
15124,409,15,4.4364,6.0137,2.7081,1.4898,2.1079,4.2084,6.4082,2.958
15128,13,118,9.5146,2.5649,4.7707,2.2528,8.2878,6.6522,5.9983,7.7317
15145,89,100,39.4839,4.4886,4.6052,3.6759,4.8407,6.4561,5.2339,5.2031
15157,15,141,641.0266,2.7081,4.9488,6.4631,8.0314,6.8632,3.7367,7.3683
15158,432,7,12.3039,6.0684,1.9459,2.5099,2.0099,3.3055,5.8602,2.654
15164,53,144,1210.3417,3.9703,4.9698,7.0987,5.7696,6.8881,3.3953,5.7558
15180,25,12,29.9496,3.2189,2.4849,3.3995,7.116,3.9441,5.3823,6.3083
15214,46,101,9.4252,3.8286,4.6151,2.2434,6.0234,6.4679,6.0034,6.1103
15226,152,13,11.4903,5.0239,2.5649,2.4415,3.8816,4.0389,5.897,4.1146
15241,53,88,106.1874,3.9703,4.4773,4.6652,5.7696,6.3046,4.7024,5.7699
15245,107,67,32.9261,4.6728,4.2047,3.4943,4.5107,5.9816,5.3314,4.8869
15247,509,6,13.6531,6.2324,1.7918,2.614,1.716,3.1228,5.8043,2.4062
15253,10,65,52.8342,2.3026,4.1744,3.9672,8.7579,5.9457,5.0774,7.8274
15256,535,6,5.6082,6.2823,1.7918,1.7242,1.6267,3.1228,6.2823,2.3915
15277,433,12,14.4168,6.0707,2.4849,2.6684,2.0057,3.9441,5.7751,2.7703
15280,23,15,3.1241,3.1355,2.7081,1.1391,7.2654,4.2084,6.5965,6.5871
15286,436,3,5.5611,6.0776,1.0986,1.7158,1.9934,2.3016,6.2868,2.4844
15287,409,20,4.7722,6.0137,2.9957,1.5628,2.1079,4.5493,6.369,3.0223
15289,90,74,113.2878,4.4998,4.3041,4.7299,4.8207,6.0993,4.6677,5.0611
15292,588,24,256.9969,6.3767,3.1781,5.5491,1.4574,4.7653,4.2277,2.396
15308,124,39,38.5789,4.8203,3.6636,3.6527,4.2464,5.3405,5.2463,4.5652
15315,451,37,46.8403,6.1115,3.6109,3.8467,1.9328,5.2781,5.1421,2.9228
15318,390,32,129.9613,5.9661,3.4657,4.8672,2.1932,5.1061,4.5939,3.0158
15319,670,16,59.1555,6.5073,2.7726,4.0802,1.2235,4.2849,5.0167,2.2151
15325,490,47,59.5583,6.1944,3.8501,4.087,1.7841,5.5616,5.0131,2.8625
15366,16,50,142.38,2.7726,3.912,4.9585,7.9157,5.6349,4.5449,7.1225
15372,524,27,66.2876,6.2615,3.2958,4.194,1.6639,4.9048,4.9556,2.6413
15381,116,15,6.5863,4.7536,2.7081,1.885,4.366,4.2084,6.1959,4.5174
15389,184,1,2.0142,5.2149,0,0.7002,3.5393,1,6.8323,3.3607
15412,45,18,486.1419,3.8067,2.8904,6.1865,6.0628,4.4244,3.8853,5.5173
15419,411,8,2.5744,6.0186,2.0794,0.9456,2.0992,3.4637,6.7005,2.8322
15422,172,10,32.0749,5.1475,2.3026,3.4681,3.6601,3.728,5.3455,3.8422
15448,158,54,12.21,5.0626,3.989,2.5023,3.8122,5.726,5.8643,4.4002
15454,20,21,7.9179,2.9957,3.0445,2.0691,7.5159,4.6071,6.097,6.7922
15456,17,83,37.1771,2.8332,4.4188,3.6157,7.8071,6.2353,5.2662,7.2387
15464,179,284,799.5922,5.1874,5.649,6.6841,3.5886,7.6928,3.618,4.4124
15467,396,20,16.6964,5.9814,2.9957,2.8152,2.1658,4.5493,5.6962,2.9955
15478,427,42,5.1659,6.0568,3.7377,1.6421,2.0307,5.4283,6.3264,3.1398
15482,16,114,381.7869,2.7726,4.7362,5.9449,7.9157,6.6113,4.0151,7.2648
15485,184,57,183.1819,5.2149,4.0431,5.2105,3.5393,5.7901,4.4095,4.0765
15504,468,12,517.994,6.1485,2.4849,6.25,1.8665,3.9441,3.8512,2.4804
15505,451,63,244.4021,6.1115,4.1431,5.4988,1.9328,5.9087,4.2547,2.9601
15520,388,18,63.2663,5.961,2.8904,4.1474,2.2024,4.4244,4.9806,2.9246
15526,420,4,29.6277,6.0403,1.3863,3.3887,2.0604,2.6424,5.3881,2.5096
15535,15,122,70.7088,2.7081,4.804,4.2586,8.0314,6.6917,4.9209,7.4524
15539,394,41,4.2325,5.9764,3.7136,1.4428,2.1749,5.3997,6.4334,3.2457
15567,405,7,37.6629,6.0039,1.9459,3.6287,2.1255,3.3055,5.2592,2.6749
15576,424,42,33.1933,6.0497,3.7377,3.5023,2.0434,5.4283,5.3271,3.0487
15598,437,1,0.0072,6.0799,0,-4.939,1.9893,1,9.8615,2.5786
15602,18,53,661.3759,2.8904,3.9703,6.4943,7.7047,5.7039,3.7199,6.906
15603,465,2,11.2225,6.142,0.6931,2.4179,1.878,1.8212,5.9096,2.2698
15611,84,41,6721.5086,4.4308,3.7136,8.8131,4.9443,5.3997,2.4743,4.7884
15618,419,47,14.6867,6.0379,3.8501,2.6869,2.0646,5.5616,5.7651,3.1341
15619,397,2,0.2525,5.9839,0.6931,-1.3765,2.1613,1.8212,7.9479,2.6719
15620,16,125,26.5319,2.7726,4.8283,3.2783,7.9157,6.7205,5.4474,7.4298
15636,476,17,44.8288,6.1654,2.8332,3.8029,1.8361,4.3567,5.1657,2.6732
15638,688,2,0.2075,6.5338,0.6931,-1.5728,1.176,1.8212,8.0533,1.9928
15646,110,43,49.2821,4.7005,3.7612,3.8976,4.4611,5.4562,5.1148,4.7255
15653,479,6,918.5375,6.1717,1.7918,6.8228,1.8248,3.1228,3.5435,2.2563
15657,409,1,6.778,6.0137,0,1.9137,2.1079,1,6.1805,2.2936
15668,211,2,0.0055,5.3519,0.6931,-5.1967,3.2939,1.8212,10,3.67
15669,43,53,785.2393,3.7612,3.9703,6.666,6.1442,5.7039,3.6277,5.8045
15716,130,125,2446.4548,4.8675,4.8283,7.8024,4.1618,6.7205,3.0172,4.5591
15740,436,9,17.4928,6.0776,2.1972,2.8618,1.9934,3.6032,5.6712,2.6831
15744,464,3,23.4078,6.1399,1.0986,3.1531,1.8818,2.3016,5.5147,2.3291
15753,203,1,0.2904,5.3132,0,-1.2364,3.3632,1,7.8726,3.3415
15756,60,215,1129.4286,4.0943,5.3706,7.0295,5.5473,7.363,3.4324,5.6989
15768,66,40,5219.4663,4.1897,3.6889,8.5602,5.3765,5.3705,2.6102,5.0986
15776,520,17,8.4623,6.2538,2.8332,2.1356,1.6777,4.3567,6.0613,2.6518
15785,419,77,19.858,6.0379,4.3438,2.9886,2.0646,6.1464,5.6031,3.2348
15803,438,7,30.2465,6.0822,1.9459,3.4094,1.9852,3.3055,5.377,2.5884
15804,12,224,355.9116,2.4849,5.4116,5.8747,8.4312,7.4116,4.0528,7.7895
15806,544,22,20.107,6.2989,3.091,3.0011,1.5968,4.6622,5.5964,2.6098
15813,49,74,558.0057,3.8918,4.3041,6.3244,5.9102,6.0993,3.8112,5.7381
15814,403,71,7.8039,5.9989,4.2627,2.0546,2.1344,6.0503,6.1048,3.3146
15815,105,59,464.1277,4.654,4.0775,6.1402,4.5445,5.831,3.9101,4.7383
15819,436,84,10.6906,6.0776,4.4308,2.3694,1.9934,6.2495,5.9357,3.2388
15829,486,51,126.7707,6.1862,3.9318,4.8424,1.7988,5.6583,4.6073,2.8516
15841,77,70,139.9458,4.3438,4.2485,4.9413,5.1002,6.0335,4.5542,5.2323
15850,14,80,33.964,2.6391,4.382,3.5253,8.155,6.1917,5.3148,7.4783
15865,92,35,60.1674,4.5218,3.5553,4.0971,4.7813,5.2123,5.0076,4.8901
15869,664,13,3.6879,6.4983,2.5649,1.3051,1.2396,4.0389,6.5074,2.3262
15874,76,162,496.8584,4.3307,5.0876,6.2083,5.1237,7.0276,3.8735,5.3795
15877,388,121,11.027,5.961,4.7958,2.4003,2.2024,6.6819,5.9191,3.4699
15883,389,44,136.2702,5.9636,3.7842,4.9146,2.1978,5.4834,4.5685,3.092
15888,466,2,1.2651,6.1442,0.6931,0.2351,1.8741,1.8212,7.0821,2.3843
15894,100,34,69.3267,4.6052,3.5264,4.2388,4.6319,5.1779,4.9315,4.7711
15895,536,11,0.2936,6.2841,2.3979,-1.2255,1.6233,3.841,7.8668,2.6912
15897,581,21,14.2609,6.3648,3.0445,2.6575,1.4789,4.6071,5.7809,2.5347
15898,25,83,57.5958,3.2189,4.4188,4.0535,7.116,6.2353,5.0311,6.7314
15900,410,43,19.6175,6.0162,3.7612,2.9764,2.1035,5.4562,5.6096,3.1247
15917,105,23,42.5244,4.654,3.1355,3.7501,4.5445,4.7148,5.194,4.6435
15919,755,36,17.7495,6.6267,3.5835,2.8764,1.0095,5.2457,5.6634,2.3221
15925,581,11,17.9406,6.3648,2.3979,2.8871,1.4789,3.841,5.6576,2.3692
15950,17,84,31.6843,2.8332,4.4308,3.4558,7.8071,6.2495,5.3521,7.2501
15963,432,18,25.818,6.0684,2.8904,3.2511,2.0099,4.4244,5.4621,2.838
15970,154,9,4.6323,5.037,2.1972,1.533,3.8582,3.6032,6.385,4.0599
15973,24,8,35.7206,3.1781,2.0794,3.5757,7.1892,3.4637,5.2877,6.2539
15984,117,250,1375.6762,4.7622,5.5215,7.2267,4.3506,7.5417,3.3265,4.8864
15986,417,14,7.9781,6.0331,2.6391,2.0767,2.0732,4.1267,6.0929,2.8859
15987,168,118,80.298,5.124,4.7707,4.3857,3.7023,6.6522,4.8526,4.4073
16011,20,269,1034.7416,2.9957,5.5947,6.9419,7.5159,7.6285,3.4795,7.1348
16014,424,7,9.5669,6.0497,1.9459,2.2583,2.0434,3.3055,5.9954,2.691
16015,390,174,115.0047,5.9661,5.1591,4.745,2.1932,7.1123,4.6596,3.4236
16036,121,21,20.6963,4.7958,3.0445,3.03,4.2903,4.6071,5.5809,4.4827
16053,419,80,88.0313,6.0379,4.382,4.4777,2.0646,6.1917,4.8032,3.1639
16078,670,1,1.5846,6.5073,0,0.4604,1.2235,1,6.9612,1.7526
16081,24,144,78.9075,3.1781,4.9698,4.3683,7.1892,6.8881,4.8619,6.8962
16091,541,8,82.203,6.2934,2.0794,4.4092,1.6067,3.4637,4.84,2.3014
16104,448,27,3.3522,6.1048,3.2958,1.2096,1.9447,4.9048,6.5587,2.9981
16112,223,21,18.7786,5.4072,3.0445,2.9327,3.1948,4.6071,5.6331,3.7211
16121,56,231,191.3516,4.0254,5.4424,5.2541,5.6709,7.448,4.3861,5.8978
16128,404,50,40.5367,6.0014,3.912,3.7022,2.13,5.6349,5.2197,3.1399
16133,48,351,407.4452,3.8712,5.8608,6.0099,5.9471,7.9437,3.9801,6.1497
16136,464,14,2.449,6.1399,2.6391,0.8957,1.8818,4.1267,6.7273,2.8154
16139,60,31,156.5058,4.0943,3.434,5.0531,5.5473,5.0685,4.4941,5.3462
16148,683,1,0.018,6.5265,0,-4.0185,1.1891,1,9.3671,1.969
16157,402,18,50.4461,5.9965,2.8904,3.9209,2.1389,4.4244,5.1023,2.8923
16161,17,626,1088.0481,2.8332,6.4394,6.9921,7.8071,8.6292,3.4525,7.5361
16184,46,44,134.9431,3.8286,3.7842,4.9049,6.0234,5.4834,4.5737,5.7704
16191,18,159,7048.6341,2.8904,5.0689,8.8606,7.7047,7.0055,2.4488,7.0393
16201,390,80,86.0739,5.9661,4.382,4.4552,2.1932,6.1917,4.8153,3.2551
16202,18,34,1.0109,2.8904,3.5264,0.0108,7.7047,5.1779,7.2027,7.1491
16204,410,43,897.4647,6.0162,3.7612,6.7996,2.1035,5.4562,3.5559,2.9193
16215,467,14,10.4196,6.1463,2.6391,2.3437,1.8703,4.1267,5.9495,2.7295
16216,131,70,890.6522,4.8752,4.2485,6.792,4.148,6.0335,3.56,4.4663
16227,68,5,36.0693,4.2195,1.6094,3.5854,5.323,2.9068,5.2825,4.8357
16241,18,643,480.8342,2.8904,6.4661,6.1755,7.7047,8.6609,3.8911,7.5146
16243,420,46,139.4534,6.0403,3.8286,4.9377,2.0604,5.5361,4.5561,3.0051
16250,104,24,176.3597,4.6444,3.1781,5.1725,4.5616,4.7653,4.4299,4.5892
16252,24,31,785.3353,3.1781,3.434,6.6661,7.1892,5.0685,3.6276,6.4089
16256,117,26,132.7913,4.7622,3.2581,4.8888,4.3506,4.8601,4.5824,4.4757
16276,39,12,197.2584,3.6636,2.4849,5.2845,6.3192,3.9441,4.3698,5.6492
16278,410,23,133.1738,6.0162,3.1355,4.8917,2.1035,4.7148,4.5808,2.8735
16298,409,20,83.8039,6.0137,2.9957,4.4285,2.1079,4.5493,4.8296,2.8684
16308,284,3,2.0073,5.649,1.0986,0.6968,2.7615,2.3016,6.8342,3.0768
16309,85,41,9.9568,4.4427,3.7136,2.2983,4.9231,5.3997,5.9739,5.1235
16333,83,63,3654.5743,4.4188,4.1431,8.2037,4.9658,5.9087,2.8017,4.938
16337,423,9,3034.403,6.0474,2.1972,8.0178,2.0476,3.6032,2.9015,2.4441
16345,431,35,7.375,6.0661,3.5553,1.9981,2.014,5.2123,6.1351,3.0658
16347,398,76,302.3067,5.9865,4.3307,5.7114,2.1568,6.1309,4.1404,3.15
16358,32,94,47.9761,3.4657,4.5433,3.8707,6.6737,6.3828,5.1292,6.461
16374,117,50,72.6593,4.7622,3.912,4.2858,4.3506,5.6349,4.9063,4.663
16377,112,10,1.9995,4.7185,2.3026,0.6929,4.4288,3.728,6.8363,4.5294
16378,127,36,26.0403,4.8442,3.5835,3.2596,4.2036,5.2457,5.4575,4.5374
16379,391,107,76.5666,5.9687,4.6728,4.3382,2.1886,6.5362,4.8781,3.3271
16387,187,8,17.4597,5.2311,2.0794,2.8599,3.5103,3.4637,5.6722,3.7171
16411,756,17,30.8635,6.628,2.8332,3.4296,1.0071,4.3567,5.3662,2.1129
16432,451,8,0.4165,6.1115,2.0794,-0.8758,1.9328,3.4637,7.6789,2.8136
16455,19,133,6136.9915,2.9444,4.8903,8.7221,7.6078,6.794,2.5232,6.9366
16474,394,229,10.5794,5.9764,5.4337,2.3589,2.1749,7.4377,5.9413,3.6041
16488,420,16,528.7166,6.0403,2.7726,6.2705,2.0604,4.2849,3.8402,2.6832
16493,17,60,67.5608,2.8332,4.0943,4.213,7.8071,5.8509,4.9453,7.1297
16500,333,10,33.0349,5.8081,2.3026,3.4976,2.4763,3.728,5.3297,3.012
16505,418,4,399.9293,6.0355,1.3863,5.9913,2.0689,2.6424,3.9901,2.3757
16532,264,5,91.9416,5.5759,1.6094,4.5212,2.8924,2.9068,4.7798,3.084
16551,185,21,91.4257,5.2204,3.0445,4.5155,3.5295,4.6071,4.7829,3.8704
16555,496,9,1.5532,6.2066,2.1972,0.4403,1.7623,3.6032,6.9719,2.6515
16565,22,6,0.0233,3.091,1.7918,-3.7592,7.3451,3.1228,9.2278,6.6889
16574,458,28,21.3133,6.1269,3.3322,3.0593,1.9052,4.9479,5.5651,2.8797
16582,500,5,2.2364,6.2146,1.6094,0.8048,1.7479,2.9068,6.7761,2.4825
16597,391,7,4.9203,5.9687,1.9459,1.5934,2.1886,3.3055,6.3526,2.8283
16598,672,10,4.0891,6.5103,2.3026,1.4083,1.2182,3.728,6.4519,2.2435
16601,427,28,160.6005,6.0568,3.3322,5.0789,2.0307,4.9479,4.4802,2.8591
16607,15,192,1302.2216,2.7081,5.2575,7.1718,8.0314,7.2289,3.356,7.4034
16614,27,51,14.4938,3.2958,3.9318,2.6737,6.9781,5.6583,5.7722,6.5936
16623,117,10,0.1012,4.7622,2.3026,-2.2908,4.3506,3.728,8.439,4.6349
16625,115,41,560.1994,4.7449,3.7136,6.3283,4.3815,5.3997,3.8091,4.5279
16648,429,19,1.6521,6.0615,2.9444,0.502,2.0224,4.4885,6.9388,3.0072
16654,88,20,47.5322,4.4773,2.9957,3.8614,4.861,4.5493,5.1342,4.826
16668,67,22,44.5403,4.2047,3.091,3.7964,5.3495,4.6622,5.1691,5.194
16679,24,5,4.8631,3.1781,1.6094,1.5817,7.1892,2.9068,6.3588,6.2497
16681,58,55,887.361,4.0604,4.0073,6.7883,5.608,5.7478,3.562,5.4314
16701,17,181,47.3354,2.8332,5.1985,3.8573,7.8071,7.159,5.1365,7.4104
16713,12,513,1636.2608,2.4849,6.2403,7.4002,8.4312,8.3933,3.2333,7.9039
16714,160,145,490.7837,5.0752,4.9767,6.196,3.7897,6.8963,3.8801,4.4201
16715,465,19,13.8223,6.142,2.9444,2.6263,1.878,4.4885,5.7977,2.792
16728,8,266,123.0978,2.0794,5.5835,4.813,9.1578,7.6152,4.6231,8.3958
16738,285,2,0.2874,5.6525,0.6931,-1.2469,2.7552,1.8212,7.8782,3.0807
16747,412,43,52.164,6.021,3.7612,3.9544,2.0948,5.4562,5.0843,3.066
16753,445,33,30.0149,6.0981,3.4965,3.4017,1.9568,5.1426,5.3812,2.9364
16768,114,50,66.2773,4.7362,3.912,4.1938,4.3971,5.6349,4.9556,4.7005
16771,117,399,2082.3415,4.7622,5.989,7.6412,4.3506,8.0956,3.1038,4.9749
16778,125,21,10.4295,4.8283,3.0445,2.3446,4.2321,4.6071,5.949,4.4787
16807,67,76,120.9547,4.2047,4.3307,4.7954,5.3495,6.1309,4.6325,5.4341
16824,8,25,78.1885,2.0794,3.2189,4.3591,9.1578,4.8136,4.8669,7.8599
16834,76,47,162.1107,4.3307,3.8501,5.0883,5.1237,5.5616,4.4752,5.1464
16836,503,2,1.5728,6.2206,0.6931,0.4529,1.7372,1.8212,6.9652,2.2768
16838,584,24,143.5226,6.3699,3.1781,4.9665,1.4697,4.7653,4.5406,2.4359
16858,24,13,199.2264,3.1781,2.5649,5.2944,7.1892,4.0389,4.3644,6.2766
16871,59,199,59.0091,4.0775,5.2933,4.0777,5.5774,7.2714,5.018,5.8602
16873,12,339,785.6869,2.4849,5.826,6.6666,8.4312,7.9025,3.6274,7.8451
16878,411,4,0.5496,6.0186,1.3863,-0.5985,2.0992,2.6424,7.53,2.7509
16892,36,75,248.1439,3.5835,4.3175,5.514,6.4626,6.1152,4.2465,6.1715
16914,423,25,20.2168,6.0474,3.2189,3.0065,2.0476,4.8136,5.5934,2.9554
16921,448,49,7.7735,6.1048,3.8918,2.0507,1.9447,5.6109,6.1069,3.0942
16930,413,50,35.4666,6.0234,3.912,3.5686,2.0905,5.6349,5.2915,3.1195
16933,84,61,404.3684,4.4308,4.1109,6.0023,4.9443,5.8705,3.9842,5.0335
16938,21,234,12392.8968,3.0445,5.4553,9.4249,7.4285,7.4633,2.1457,6.9071
16950,25,21,173.5685,3.2189,3.0445,5.1566,7.116,4.6071,4.4385,6.3465
16969,521,31,17.2526,6.2558,3.434,2.848,1.6742,5.0685,5.6786,2.7535
16971,425,37,183.5939,6.0521,3.6109,5.2127,2.0392,5.2781,4.4083,2.9239
16982,447,20,10.9312,6.1026,2.9957,2.3916,1.9487,4.5493,5.9238,2.8663
16989,394,12,20.1833,5.9764,2.4849,3.0049,2.1749,3.9441,5.5943,2.8707
16999,410,23,6.3255,6.0162,3.1355,1.8446,2.1035,4.7148,6.2176,3.0372
17022,418,7,3.2771,6.0355,1.9459,1.187,2.0689,3.3055,6.5709,2.7664
17024,432,3,0.7006,6.0684,1.0986,-0.3558,2.0099,2.3016,7.3996,2.6072
17026,572,3,91.2914,6.3491,1.0986,4.5141,1.5069,2.3016,4.7836,1.9935
17041,18,86,47.3895,2.8904,4.4543,3.8584,7.7047,6.2774,5.1358,7.1623
17043,55,121,39.158,4.0073,4.7958,3.6676,5.7032,6.6819,5.2383,5.8524
17046,544,21,32.6286,6.2989,3.0445,3.4852,1.5968,4.6071,5.3363,2.5728
17079,465,2,0.3515,6.142,0.6931,-1.0455,1.878,1.8212,7.7701,2.4558
17080,151,10,1.3611,5.0173,2.3026,0.3083,3.8934,3.728,7.0429,4.1753
17081,412,39,29.2211,6.021,3.6636,3.3749,2.0948,5.3405,5.3956,3.074
17083,165,52,17.1077,5.1059,3.9512,2.8395,3.7346,5.6813,5.6831,4.3188
17101,30,49,163.4048,3.4012,3.8918,5.0962,6.7893,5.6109,4.4709,6.3218
17102,168,1,0.7285,5.124,0,-0.3168,3.7023,1,7.3786,3.5295
17123,548,9,2.2505,6.3063,2.1972,0.8112,1.5837,3.6032,6.7727,2.5065
17140,89,30,132.1039,4.4886,3.4012,4.8836,4.8407,5.0296,4.5851,4.853
17144,471,23,3.7431,6.1549,3.1355,1.3199,1.855,4.7148,6.4994,2.8914
17146,16,63,184.9276,2.7726,4.1431,5.22,7.9157,5.9087,4.4044,7.1632
17172,465,14,33.1932,6.142,2.6391,3.5023,1.878,4.1267,5.3271,2.6726
17176,588,14,3265.414,6.3767,2.6391,8.0911,1.4574,4.1267,2.8621,2.1318
17219,418,21,44.4182,6.0355,3.0445,3.7936,2.0689,4.6071,5.1706,2.8867
17221,394,62,5.9577,5.9764,4.1271,1.7847,2.1749,5.8897,6.2498,3.3253
17227,20,54,55.1386,2.9957,3.989,4.0099,7.5159,5.726,5.0545,6.9118
17235,412,28,593.4239,6.021,3.3322,6.3859,2.0948,4.9479,3.7781,2.8338
17237,398,17,13.1034,5.9865,2.8332,2.5729,2.1568,4.3567,5.8264,2.9637
17252,503,82,46.5048,6.2206,4.4067,3.8396,1.7372,6.221,5.146,2.9748
17263,63,42,252.2902,4.1431,3.7377,5.5306,5.4598,5.4283,4.2376,5.3313
17268,169,6,189.2427,5.1299,1.7918,5.243,3.6916,3.1228,4.3921,3.6479
17284,31,338,2885.4135,3.434,5.823,7.9674,6.7306,7.899,2.9286,6.5841
17295,415,65,22.3402,6.0283,4.1744,3.1064,2.0818,5.9457,5.5398,3.2004
17306,57,82,5239.6655,4.0431,4.4067,8.564,5.6392,6.221,2.6081,5.4524
17307,23,2,0.2444,3.1355,0.6931,-1.409,7.2654,1.8212,7.9654,6.2466
17311,160,78,199.6408,5.0752,4.3567,5.2965,3.7897,6.1617,4.3633,4.3215
17347,473,1,1.0034,6.1591,0,0.0034,1.8474,1,7.2066,2.2138
17353,516,4,84.216,6.2461,1.3863,4.4334,1.6915,2.6424,4.827,2.1952
17357,411,40,625.8933,6.0186,3.6889,6.4392,2.0992,5.3705,3.7495,2.9185
17370,58,32,133.3537,4.0604,3.4657,4.893,5.608,5.1061,4.5801,5.4048
17373,170,71,11.5653,5.1358,4.2627,2.448,3.6811,6.0503,5.8935,4.3762
17387,420,17,1.7245,6.0403,2.8332,0.545,2.0604,4.3567,6.9157,3.0052
17394,130,8,61.4748,4.8675,2.0794,4.1186,4.1618,3.4637,4.9961,4.1056
17415,466,14,253.856,6.1442,2.6391,5.5368,1.8741,4.1267,4.2343,2.5607
17423,71,21,1997.4497,4.2627,3.0445,7.5996,5.2456,4.6071,3.1262,4.906
17430,23,18,139.2085,3.1355,2.8904,4.936,7.2654,4.4244,4.557,6.4264
17431,155,80,43.8707,5.0434,4.382,3.7812,3.8466,6.1917,5.1773,4.4487
17436,83,11,19.8853,4.4188,2.3979,2.99,4.9658,3.841,5.6023,4.8045
17447,427,34,7.7897,6.0568,3.5264,2.0528,2.0307,5.1779,6.1058,3.0677
17456,23,33,158.0013,3.1355,3.4965,5.0626,7.2654,5.1426,4.489,6.5632
17468,401,4,5.2654,5.994,1.3863,1.6612,2.1433,2.6424,6.3161,2.6604
17492,108,23,9.261,4.6821,3.1355,2.2258,4.494,4.7148,6.0128,4.6901
17498,462,16,6.7186,6.1356,2.7726,1.9049,1.8896,4.2849,6.1852,2.7982
17500,404,2,2302.6941,6.0014,0.6931,7.7418,2.13,1.8212,3.0498,2.1602
17509,444,357,69.8269,6.0958,5.8777,4.246,1.9608,7.9638,4.9276,3.4581
17513,459,6,2.4632,6.1291,1.7918,0.9015,1.9012,3.1228,6.7242,2.6279
17514,515,38,202.1703,6.2442,3.6376,5.3091,1.695,5.3097,4.3566,2.6841
17523,398,9,9.5969,5.9865,2.1972,2.2614,2.1568,3.6032,5.9937,2.8297
17524,19,12,193.032,2.9444,2.4849,5.2629,7.6078,3.9441,4.3814,6.5524
17536,65,4,5.8036,4.1744,1.3863,1.7585,5.4038,2.6424,6.2639,4.9376
17538,412,8,7.2537,6.021,2.0794,1.9815,2.0948,3.4637,6.1441,2.7735
17556,129,12,148.618,4.8598,2.4849,5.0014,4.1756,3.9441,4.5219,4.1639
17560,45,43,121.8169,3.8067,3.7612,4.8025,6.0628,5.4562,4.6287,5.798
17564,431,12,45.4606,6.0661,2.4849,3.8168,2.014,3.9441,5.1582,2.7144
17620,446,3,6.3154,6.1003,1.0986,1.843,1.9527,2.3016,6.2185,2.4491
17658,86,27,35.5989,4.4543,3.2958,3.5723,4.9022,4.9048,5.2895,4.9414
17677,16,371,351.5244,2.7726,5.9162,5.8623,7.9157,8.0094,4.0594,7.5488
17691,16,27,61.4958,2.7726,3.2958,4.119,7.9157,4.9048,4.9959,7.0216
17697,87,33,96.391,4.4659,3.4965,4.5684,4.8815,5.1426,4.7544,4.921
17711,397,22,38.0341,5.9839,3.091,3.6385,2.1613,4.6622,5.254,2.9707
17715,587,1,0.4213,6.375,0,-0.8643,1.4605,1,7.6727,1.9896
17723,80,11,30.7933,4.382,2.3979,3.4273,5.0318,3.841,5.3674,4.8272
17744,16,191,226.2341,2.7726,5.2523,5.4216,7.9157,7.2228,4.2962,7.4152
17752,17,2,1.336,2.8332,0.6931,0.2897,7.8071,1.8212,7.0528,6.5345
17777,487,61,60.1319,6.1883,4.1109,4.0965,1.7951,5.8705,5.0079,2.9315
17788,460,3,97.363,6.1312,1.0986,4.5784,1.8973,2.3016,4.7491,2.2634
17797,25,149,111.8596,3.2189,5.0039,4.7172,7.116,6.9285,4.6745,6.8344
17806,398,42,10.04,5.9865,3.7377,2.3066,2.1568,5.4283,5.9694,3.1923
17813,401,326,330.1918,5.994,5.7869,5.7997,2.1433,7.8562,4.093,3.4809
17816,23,26,25.3081,3.1355,3.2581,3.2311,7.2654,4.8601,5.4728,6.6051
17828,22,71,286.4128,3.091,4.2627,5.6574,7.3451,6.0503,4.1695,6.7686
17835,389,36,1564.3165,5.9636,3.5835,7.3552,2.1978,5.2457,3.2575,2.9133
17839,429,49,33.5316,6.0615,3.8918,3.5125,2.0224,5.6109,5.3217,3.07
17861,95,205,36.2287,4.5539,5.323,3.5899,4.7238,7.3066,5.2801,5.296
17863,103,188,467.985,4.6347,5.2364,6.1484,4.5789,7.204,3.9057,5.0366
17866,529,9,23.4587,6.271,2.1972,3.1552,1.6469,3.6032,5.5136,2.4248
17867,417,59,625.6359,6.0331,4.0775,6.4388,2.0732,5.831,3.7497,2.9924
17880,22,47,67.4253,3.091,3.8501,4.211,7.3451,5.5616,4.9464,6.7485
17884,152,102,12.5313,5.0239,4.625,2.5282,3.8816,6.4795,5.8504,4.5981
17891,549,33,203.1361,6.3081,3.4965,5.3139,1.5804,5.1426,4.354,2.5702
17892,443,23,2.6203,6.0936,3.1355,0.9633,1.9648,4.7148,6.691,2.9874
17896,410,2,40.8896,6.0162,0.6931,3.7109,2.1035,1.8212,5.2151,2.3582
17898,64,26,37.6085,4.1589,3.2581,3.6272,5.4316,4.8601,5.26,5.3002
17901,416,18,48.9221,6.0307,2.8904,3.8902,2.0775,4.4244,5.1187,2.851
17940,61,22,1495.4665,4.1109,3.091,7.3102,5.5176,4.6622,3.2816,5.123
17946,84,36,816.8484,4.4308,3.5835,6.7055,4.9443,5.2457,3.6065,4.8708
17960,13,52,32.6418,2.5649,3.9512,3.4856,8.2878,5.6813,5.3361,7.4713
17969,19,26,80.9432,2.9444,3.2581,4.3937,7.6078,4.8601,4.8483,6.7823
17970,52,51,137.4937,3.9512,3.9318,4.9236,5.8037,5.6583,4.5637,5.6506
17980,17,58,357.8017,2.8332,4.0604,5.88,7.8071,5.8107,4.0499,7.0321
17990,11,47,406.9609,2.3979,3.8501,6.0087,8.5872,5.5616,3.9808,7.5214
18004,20,30,5.9727,2.9957,3.4012,1.7872,7.5159,5.0296,6.2484,6.8919
18008,127,42,1433.4118,4.8442,3.7377,7.2678,4.2036,5.4283,3.3044,4.3586
18032,184,5,31.6744,5.2149,1.6094,3.4555,3.5393,2.9068,5.3523,3.5941
18036,87,128,51.4346,4.4659,4.852,3.9403,4.8815,6.7486,5.0918,5.2759
18041,23,511,320.7941,3.1355,6.2364,5.7708,7.2654,8.3887,4.1086,7.1744
18048,590,7,181.1359,6.3801,1.9459,5.1992,1.4513,3.3055,4.4156,2.1186
18053,457,20,16.9498,6.1247,2.9957,2.8303,1.9091,4.5493,5.6881,2.815
18066,462,6,1.5194,6.1356,1.7918,0.4183,1.8896,3.1228,6.9838,2.6456
18072,542,30,21.2211,6.2953,3.4012,3.055,1.6034,5.0296,5.5674,2.6851
18084,403,1,22.9628,5.9989,0,3.1339,2.1344,1,5.525,2.2466
18093,161,40,426.5683,5.0814,3.6889,6.0558,3.7785,5.3705,3.9555,4.1146
18095,164,36,19.9452,5.0999,3.5835,2.993,3.7455,5.2457,5.6007,4.231
18097,12,131,581.4214,2.4849,4.8752,6.3655,8.4312,6.776,3.7891,7.636
18101,398,21,279.5463,5.9865,3.0445,5.6332,2.1568,4.6071,4.1825,2.8494
18120,75,17,8.3553,4.3175,2.8332,2.1229,5.1474,4.3567,6.0681,5.0813
18123,418,13,20.1595,6.0355,2.5649,3.0037,2.0689,4.0389,5.595,2.8155
18138,682,7,127.3222,6.525,1.9459,4.8467,1.1917,3.3055,4.6049,1.9558
18165,34,20,17.878,3.5264,2.9957,2.8836,6.565,4.5493,5.6595,6.0713
18172,57,184,2413.2613,4.0431,5.2149,7.7887,5.6392,7.1785,3.0246,5.6856
18179,95,86,164.809,4.5539,4.4543,5.1048,4.7238,6.2774,4.4663,5.0088
18184,402,1,0.2992,5.9965,0,-1.2065,2.1389,1,7.8566,2.4829
18192,458,43,706.1113,6.1269,3.7612,6.5598,1.9052,5.4562,3.6847,2.7933
18209,415,7,5.569,6.0283,1.9459,1.7172,2.0818,3.3055,6.286,2.747
18215,476,13,6.5431,6.1654,2.5649,1.8784,1.8361,4.0389,6.1994,2.713
18220,121,6,7.065,4.7958,1.7918,1.9551,4.2903,3.1228,6.1582,4.2436
18237,389,59,5.9945,5.9636,4.0775,1.7908,2.1978,5.831,6.2465,3.3293
18249,404,8,6.9747,6.0014,2.0794,1.9423,2.13,3.4637,6.1651,2.8002
18260,16,148,11959.1322,2.7726,4.9972,9.3893,7.9157,6.9206,2.1648,7.1416
18262,527,13,2.0723,6.2672,2.5649,0.7286,1.6537,4.0389,6.8171,2.6471
18282,394,4,7.0886,5.9764,1.3863,1.9585,2.1749,2.6424,6.1564,2.6665
